gene,substitution,variant source,conditions
rho,G61E,ALEdb,"{'temperature': '42 celsius', 'carbon-source': 'glucose(4)', 'supplement': 'NaCl(0.5g/L) trace elements', 'strain-description': 'WT', 'base-media': 'M9', 'nitrogen-source': 'NH4Cl(1)', 'phosphorous-source': 'KH2PO4(3) Na2HPO4(6.8)', 'sulfur-source': 'MgSO4(0.24)', 'calcium-source': 'CaCl2(0.1)'}"
mreB,E346A,ALEdb,"{'temperature': '37 celsius', 'carbon-source': 'glucose(4)', 'supplement': 'NaCl(0.5g/L) trace elements', 'strain-description': 'WT', 'base-media': 'M9', 'nitrogen-source': 'NH4Cl(1)', 'phosphorous-source': 'KH2PO4(3) Na2HPO4(6.8)', 'sulfur-source': 'MgSO4(0.24)', 'calcium-source': 'CaCl2(0.1)'}"
rho,K417I,ALEdb,"{'temperature': '37 celsius', 'carbon-source': 'D-2-deoxyribose', 'supplement': 'NaCl(0.5g/L) trace elements', 'strain-description': 'WT', 'base-media': 'M9', 'nitrogen-source': 'NH4Cl(1)', 'phosphorous-source': 'KH2PO4(3) Na2HPO4(6.8)', 'sulfur-source': 'MgSO4(0.24)', 'calcium-source': 'CaCl2(0.1)'}"
rho,I382F,ALEdb,"{'temperature': '37 celsius', 'carbon-source': 'D-arabinose', 'supplement': 'NaCl(0.5g/L) trace elements', 'strain-description': 'WT', 'base-media': 'M9', 'nitrogen-source': 'NH4Cl(1)', 'phosphorous-source': 'KH2PO4(3) Na2HPO4(6.8)', 'sulfur-source': 'MgSO4(0.24)', 'calcium-source': 'CaCl2(0.1)'}"
rpoA,T285I,ALEdb,"{'temperature': '37 celsius', 'carbon-source': 'glucose(2)', 'supplement': 'NaCl(0.5g/L) trace elements', 'strain-description': 'Δpgi', 'base-media': 'M9', 'nitrogen-source': 'NH4Cl(1)', 'phosphorous-source': 'KH2PO4(3) Na2HPO4(6.8)', 'sulfur-source': 'MgSO4(0.24)', 'calcium-source': 'CaCl2(0.1)'}"
rpoA,C269R,ALEdb,"{'temperature': '37 celsius', 'carbon-source': 'glucose(2)', 'supplement': 'NaCl(0.5g/L) trace elements', 'strain-description': 'Δpgi', 'base-media': 'M9', 'nitrogen-source': 'NH4Cl(1)', 'phosphorous-source': 'KH2PO4(3) Na2HPO4(6.8)', 'sulfur-source': 'MgSO4(0.24)', 'calcium-source': 'CaCl2(0.1)'}"
rho,R87L,ALEdb,"{'temperature': '37 celsius', 'carbon-source': 'glucose(2)', 'supplement': ""glycine(2mM) L-Serine(varying) Wolfe's vitamin solution trace elements(X1)"", 'strain-description': 'ΔsdaA ΔsdaB ΔtdcG ΔglyA', 'base-media': 'M9', 'nitrogen-source': 'NH4Cl(1)', 'phosphorous-source': 'KH2PO4(3) Na2HPO4(6.8)', 'sulfur-source': 'MgSO4(0.24)', 'calcium-source': 'CaCl2(0.1)'}"
rho,R102C,ALEdb,"{'temperature': '37 celsius', 'carbon-source': 'acetate(4)', 'supplement': 'NaCl(0.5g/L) trace elements', 'strain-description': 'WT', 'base-media': 'M9', 'nitrogen-source': 'NH4Cl(1)', 'phosphorous-source': 'KH2PO4(3) Na2HPO4(6.8)', 'sulfur-source': 'MgSO4(0.24)', 'calcium-source': 'CaCl2(0.1)'}"
rho,S84I,ALEdb,"{'temperature': '37 celsius', 'carbon-source': 'acetate(4)', 'supplement': 'NaCl(0.5g/L) trace elements', 'strain-description': 'WT', 'base-media': 'M9', 'nitrogen-source': 'NH4Cl(1)', 'phosphorous-source': 'KH2PO4(3) Na2HPO4(6.8)', 'sulfur-source': 'MgSO4(0.24)', 'calcium-source': 'CaCl2(0.1)'}"
rho,S84I,ALEdb,"{'temperature': '37 celsius', 'carbon-source': 'acetate(4)', 'supplement': 'NaCl(0.5g/L) trace elements', 'strain-description': 'WT', 'base-media': 'M9', 'nitrogen-source': 'NH4Cl(1)', 'phosphorous-source': 'KH2PO4(3) Na2HPO4(6.8)', 'sulfur-source': 'MgSO4(0.24)', 'calcium-source': 'CaCl2(0.1)'}"
rho,R102L,ALEdb,"{'temperature': '37 celsius', 'carbon-source': 'glucose(4) or acetate(4)', 'supplement': 'NaCl(0.5g/L) trace elements', 'strain-description': 'WT', 'base-media': 'M9', 'nitrogen-source': 'NH4Cl(1)', 'phosphorous-source': 'KH2PO4(3) Na2HPO4(6.8)', 'sulfur-source': 'MgSO4(0.24)', 'calcium-source': 'CaCl2(0.1)'}"
rpoA,G315S,ALEdb,"{'temperature': '37 celsius', 'carbon-source': 'xylose(4)', 'supplement': 'NaCl(0.5g/L) trace elements', 'strain-description': 'WT', 'base-media': 'M9', 'nitrogen-source': 'NH4Cl(1)', 'phosphorous-source': 'KH2PO4(3) Na2HPO4(6.8)', 'sulfur-source': 'MgSO4(0.24)', 'calcium-source': 'CaCl2(0.1)'}"
rho,R87L,ALEdb,"{'temperature': '37 celsius', 'carbon-source': 'xylose(4)', 'supplement': 'NaCl(0.5g/L) trace elements', 'strain-description': 'WT', 'base-media': 'M9', 'nitrogen-source': 'NH4Cl(1)', 'phosphorous-source': 'KH2PO4(3) Na2HPO4(6.8)', 'sulfur-source': 'MgSO4(0.24)', 'calcium-source': 'CaCl2(0.1)'}"
metJ,G6C,ALEdb,"{'temperature': '37 celsius', 'carbon-source': 'glucose(2)', 'supplement': '2 3-butanediol', 'strain-description': 'WT', 'base-media': 'M9', 'nitrogen-source': 'NH4Cl(1)', 'phosphorous-source': 'KH2PO4(3) Na2HPO4(6.8)', 'sulfur-source': 'MgSO4(0.24)', 'calcium-source': 'CaCl2(0.1)'}"
metJ,D76A,ALEdb,"{'temperature': '37 celsius', 'carbon-source': 'glucose(2)', 'supplement': '2 3-butanediol', 'strain-description': 'WT', 'base-media': 'M9', 'nitrogen-source': 'NH4Cl(1)', 'phosphorous-source': 'KH2PO4(3) Na2HPO4(6.8)', 'sulfur-source': 'MgSO4(0.24)', 'calcium-source': 'CaCl2(0.1)'}"
metJ,Y12C,ALEdb,"{'temperature': '37 celsius', 'carbon-source': 'glucose(2)', 'supplement': '2 3-butanediol', 'strain-description': 'WT', 'base-media': 'M9', 'nitrogen-source': 'NH4Cl(1)', 'phosphorous-source': 'KH2PO4(3) Na2HPO4(6.8)', 'sulfur-source': 'MgSO4(0.24)', 'calcium-source': 'CaCl2(0.1)'}"
spoT,I213L,ALEdb,"{'temperature': '37 celsius', 'carbon-source': 'glucose(2)', 'supplement': '2 3-butanediol', 'strain-description': 'WT', 'base-media': 'M9', 'nitrogen-source': 'NH4Cl(1)', 'phosphorous-source': 'KH2PO4(3) Na2HPO4(6.8)', 'sulfur-source': 'MgSO4(0.24)', 'calcium-source': 'CaCl2(0.1)'}"
metJ,D76A,ALEdb,"{'temperature': '37 celsius', 'carbon-source': 'glucose(2)', 'supplement': '2 3-butanediol', 'strain-description': 'WT', 'base-media': 'M9', 'nitrogen-source': 'NH4Cl(1)', 'phosphorous-source': 'KH2PO4(3) Na2HPO4(6.8)', 'sulfur-source': 'MgSO4(0.24)', 'calcium-source': 'CaCl2(0.1)'}"
metJ,Y12C,ALEdb,"{'temperature': '37 celsius', 'carbon-source': 'glucose(2)', 'supplement': '2 3-butanediol', 'strain-description': 'WT', 'base-media': 'M9', 'nitrogen-source': 'NH4Cl(1)', 'phosphorous-source': 'KH2PO4(3) Na2HPO4(6.8)', 'sulfur-source': 'MgSO4(0.24)', 'calcium-source': 'CaCl2(0.1)'}"
metJ,G6D,ALEdb,"{'temperature': '37 celsius', 'carbon-source': 'glucose(2)', 'supplement': '2 3-butanediol', 'strain-description': 'WT', 'base-media': 'M9', 'nitrogen-source': 'NH4Cl(1)', 'phosphorous-source': 'KH2PO4(3) Na2HPO4(6.8)', 'sulfur-source': 'MgSO4(0.24)', 'calcium-source': 'CaCl2(0.1)'}"
metJ,L49R,ALEdb,"{'temperature': '37 celsius', 'carbon-source': 'glucose(2)', 'supplement': '2 3-butanediol', 'strain-description': 'WT', 'base-media': 'M9', 'nitrogen-source': 'NH4Cl(1)', 'phosphorous-source': 'KH2PO4(3) Na2HPO4(6.8)', 'sulfur-source': 'MgSO4(0.24)', 'calcium-source': 'CaCl2(0.1)'}"
metJ,W4G,ALEdb,"{'temperature': '37 celsius', 'carbon-source': 'glucose(2)', 'supplement': '2 3-butanediol', 'strain-description': 'WT', 'base-media': 'M9', 'nitrogen-source': 'NH4Cl(1)', 'phosphorous-source': 'KH2PO4(3) Na2HPO4(6.8)', 'sulfur-source': 'MgSO4(0.24)', 'calcium-source': 'CaCl2(0.1)'}"
metJ,F62L,ALEdb,"{'temperature': '37 celsius', 'carbon-source': 'glucose(2)', 'supplement': '2 3-butanediol', 'strain-description': 'WT', 'base-media': 'M9', 'nitrogen-source': 'NH4Cl(1)', 'phosphorous-source': 'KH2PO4(3) Na2HPO4(6.8)', 'sulfur-source': 'MgSO4(0.24)', 'calcium-source': 'CaCl2(0.1)'}"
spoT,S434L,ALEdb,"{'temperature': '37 celsius', 'carbon-source': 'glucose(2)', 'supplement': 'adipic acid', 'strain-description': 'WT', 'base-media': 'M9', 'nitrogen-source': 'NH4Cl(1)', 'phosphorous-source': 'KH2PO4(3) Na2HPO4(6.8)', 'sulfur-source': 'MgSO4(0.24)', 'calcium-source': 'CaCl2(0.1)'}"
rho,P104L,ALEdb,"{'temperature': '37 celsius', 'carbon-source': 'glucose(2)', 'supplement': 'coumaric acid', 'strain-description': 'WT', 'base-media': 'M9', 'nitrogen-source': 'NH4Cl(1)', 'phosphorous-source': 'KH2PO4(3) Na2HPO4(6.8)', 'sulfur-source': 'MgSO4(0.24)', 'calcium-source': 'CaCl2(0.1)'}"
rho,A112V,ALEdb,"{'temperature': '37 celsius', 'carbon-source': 'glucose(2)', 'supplement': 'coumaric acid', 'strain-description': 'WT', 'base-media': 'M9', 'nitrogen-source': 'NH4Cl(1)', 'phosphorous-source': 'KH2PO4(3) Na2HPO4(6.8)', 'sulfur-source': 'MgSO4(0.24)', 'calcium-source': 'CaCl2(0.1)'}"
rho,P104L,ALEdb,"{'temperature': '37 celsius', 'carbon-source': 'glucose(2)', 'supplement': 'coumaric acid', 'strain-description': 'WT', 'base-media': 'M9', 'nitrogen-source': 'NH4Cl(1)', 'phosphorous-source': 'KH2PO4(3) Na2HPO4(6.8)', 'sulfur-source': 'MgSO4(0.24)', 'calcium-source': 'CaCl2(0.1)'}"
rpoA,G36R,ALEdb,"{'temperature': '37 celsius', 'carbon-source': 'glucose(2)', 'supplement': 'coumaric acid', 'strain-description': 'WT', 'base-media': 'M9', 'nitrogen-source': 'NH4Cl(1)', 'phosphorous-source': 'KH2PO4(3) Na2HPO4(6.8)', 'sulfur-source': 'MgSO4(0.24)', 'calcium-source': 'CaCl2(0.1)'}"
rho,A112V,ALEdb,"{'temperature': '37 celsius', 'carbon-source': 'glucose(2)', 'supplement': 'coumaric acid', 'strain-description': 'WT', 'base-media': 'M9', 'nitrogen-source': 'NH4Cl(1)', 'phosphorous-source': 'KH2PO4(3) Na2HPO4(6.8)', 'sulfur-source': 'MgSO4(0.24)', 'calcium-source': 'CaCl2(0.1)'}"
rho,P104L,ALEdb,"{'temperature': '37 celsius', 'carbon-source': 'glucose(2)', 'supplement': 'coumaric acid', 'strain-description': 'WT', 'base-media': 'M9', 'nitrogen-source': 'NH4Cl(1)', 'phosphorous-source': 'KH2PO4(3) Na2HPO4(6.8)', 'sulfur-source': 'MgSO4(0.24)', 'calcium-source': 'CaCl2(0.1)'}"
rho,P104L,ALEdb,"{'temperature': '37 celsius', 'carbon-source': 'glucose(2)', 'supplement': 'coumaric acid', 'strain-description': 'WT', 'base-media': 'M9', 'nitrogen-source': 'NH4Cl(1)', 'phosphorous-source': 'KH2PO4(3) Na2HPO4(6.8)', 'sulfur-source': 'MgSO4(0.24)', 'calcium-source': 'CaCl2(0.1)'}"
spoT,V422A,ALEdb,"{'temperature': '37 celsius', 'carbon-source': 'glucose(2)', 'supplement': 'glutaric acid', 'strain-description': 'WT', 'base-media': 'M9', 'nitrogen-source': 'NH4Cl(1)', 'phosphorous-source': 'KH2PO4(3) Na2HPO4(6.8)', 'sulfur-source': 'MgSO4(0.24)', 'calcium-source': 'CaCl2(0.1)'}"
spoT,A451D,ALEdb,"{'temperature': '37 celsius', 'carbon-source': 'glucose(2)', 'supplement': 'glutaric acid', 'strain-description': 'WT', 'base-media': 'M9', 'nitrogen-source': 'NH4Cl(1)', 'phosphorous-source': 'KH2PO4(3) Na2HPO4(6.8)', 'sulfur-source': 'MgSO4(0.24)', 'calcium-source': 'CaCl2(0.1)'}"
spoT,N454H,ALEdb,"{'temperature': '37 celsius', 'carbon-source': 'glucose(2)', 'supplement': 'glutaric acid', 'strain-description': 'WT', 'base-media': 'M9', 'nitrogen-source': 'NH4Cl(1)', 'phosphorous-source': 'KH2PO4(3) Na2HPO4(6.8)', 'sulfur-source': 'MgSO4(0.24)', 'calcium-source': 'CaCl2(0.1)'}"
spoT,W457C,ALEdb,"{'temperature': '37 celsius', 'carbon-source': 'glucose(2)', 'supplement': 'glutaric acid', 'strain-description': 'WT', 'base-media': 'M9', 'nitrogen-source': 'NH4Cl(1)', 'phosphorous-source': 'KH2PO4(3) Na2HPO4(6.8)', 'sulfur-source': 'MgSO4(0.24)', 'calcium-source': 'CaCl2(0.1)'}"
spoT,A451V,ALEdb,"{'temperature': '37 celsius', 'carbon-source': 'glucose(2)', 'supplement': 'glutaric acid', 'strain-description': 'WT', 'base-media': 'M9', 'nitrogen-source': 'NH4Cl(1)', 'phosphorous-source': 'KH2PO4(3) Na2HPO4(6.8)', 'sulfur-source': 'MgSO4(0.24)', 'calcium-source': 'CaCl2(0.1)'}"
spoT,D580Y,ALEdb,"{'temperature': '37 celsius', 'carbon-source': 'glucose(2)', 'supplement': 'glutaric acid', 'strain-description': 'WT', 'base-media': 'M9', 'nitrogen-source': 'NH4Cl(1)', 'phosphorous-source': 'KH2PO4(3) Na2HPO4(6.8)', 'sulfur-source': 'MgSO4(0.24)', 'calcium-source': 'CaCl2(0.1)'}"
spoT,R236L,ALEdb,"{'temperature': '37 celsius', 'carbon-source': 'glucose(2)', 'supplement': 'glutaric acid', 'strain-description': 'WT', 'base-media': 'M9', 'nitrogen-source': 'NH4Cl(1)', 'phosphorous-source': 'KH2PO4(3) Na2HPO4(6.8)', 'sulfur-source': 'MgSO4(0.24)', 'calcium-source': 'CaCl2(0.1)'}"
spoT,R236S,ALEdb,"{'temperature': '37 celsius', 'carbon-source': 'glucose(2)', 'supplement': 'glutaric acid', 'strain-description': 'WT', 'base-media': 'M9', 'nitrogen-source': 'NH4Cl(1)', 'phosphorous-source': 'KH2PO4(3) Na2HPO4(6.8)', 'sulfur-source': 'MgSO4(0.24)', 'calcium-source': 'CaCl2(0.1)'}"
spoT,M247K,ALEdb,"{'temperature': '37 celsius', 'carbon-source': 'glucose(2)', 'supplement': 'glutaric acid', 'strain-description': 'WT', 'base-media': 'M9', 'nitrogen-source': 'NH4Cl(1)', 'phosphorous-source': 'KH2PO4(3) Na2HPO4(6.8)', 'sulfur-source': 'MgSO4(0.24)', 'calcium-source': 'CaCl2(0.1)'}"
spoT,R209H,ALEdb,"{'temperature': '37 celsius', 'carbon-source': 'glucose(2)', 'supplement': 'hexamethylenediamine', 'strain-description': 'WT', 'base-media': 'M9', 'nitrogen-source': 'NH4Cl(1)', 'phosphorous-source': 'KH2PO4(3) Na2HPO4(6.8)', 'sulfur-source': 'MgSO4(0.24)', 'calcium-source': 'CaCl2(0.1)'}"
rpoA,E273V,ALEdb,"{'temperature': '37 celsius', 'carbon-source': 'glucose(2)', 'supplement': 'hexanoic acid', 'strain-description': 'WT', 'base-media': 'M9', 'nitrogen-source': 'NH4Cl(1)', 'phosphorous-source': 'KH2PO4(3) Na2HPO4(6.8)', 'sulfur-source': 'MgSO4(0.24)', 'calcium-source': 'CaCl2(0.1)'}"
rpoA,R218S,ALEdb,"{'temperature': '37 celsius', 'carbon-source': 'glucose(2)', 'supplement': 'hexanoic acid', 'strain-description': 'WT', 'base-media': 'M9', 'nitrogen-source': 'NH4Cl(1)', 'phosphorous-source': 'KH2PO4(3) Na2HPO4(6.8)', 'sulfur-source': 'MgSO4(0.24)', 'calcium-source': 'CaCl2(0.1)'}"
rpoA,E273V,ALEdb,"{'temperature': '37 celsius', 'carbon-source': 'glucose(2)', 'supplement': 'hexanoic acid', 'strain-description': 'WT', 'base-media': 'M9', 'nitrogen-source': 'NH4Cl(1)', 'phosphorous-source': 'KH2PO4(3) Na2HPO4(6.8)', 'sulfur-source': 'MgSO4(0.24)', 'calcium-source': 'CaCl2(0.1)'}"
rpoA,G34V,ALEdb,"{'temperature': '37 celsius', 'carbon-source': 'glucose(2)', 'supplement': 'hexanoic acid', 'strain-description': 'WT', 'base-media': 'M9', 'nitrogen-source': 'NH4Cl(1)', 'phosphorous-source': 'KH2PO4(3) Na2HPO4(6.8)', 'sulfur-source': 'MgSO4(0.24)', 'calcium-source': 'CaCl2(0.1)'}"
rpoA,E273V,ALEdb,"{'temperature': '37 celsius', 'carbon-source': 'glucose(2)', 'supplement': 'hexanoic acid', 'strain-description': 'WT', 'base-media': 'M9', 'nitrogen-source': 'NH4Cl(1)', 'phosphorous-source': 'KH2PO4(3) Na2HPO4(6.8)', 'sulfur-source': 'MgSO4(0.24)', 'calcium-source': 'CaCl2(0.1)'}"
rpoA,R218S,ALEdb,"{'temperature': '37 celsius', 'carbon-source': 'glucose(2)', 'supplement': 'hexanoic acid', 'strain-description': 'WT', 'base-media': 'M9', 'nitrogen-source': 'NH4Cl(1)', 'phosphorous-source': 'KH2PO4(3) Na2HPO4(6.8)', 'sulfur-source': 'MgSO4(0.24)', 'calcium-source': 'CaCl2(0.1)'}"
rpoA,G36D,ALEdb,"{'temperature': '37 celsius', 'carbon-source': 'glucose(2)', 'supplement': 'hexanoic acid', 'strain-description': 'WT', 'base-media': 'M9', 'nitrogen-source': 'NH4Cl(1)', 'phosphorous-source': 'KH2PO4(3) Na2HPO4(6.8)', 'sulfur-source': 'MgSO4(0.24)', 'calcium-source': 'CaCl2(0.1)'}"
rpoA,E273G,ALEdb,"{'temperature': '37 celsius', 'carbon-source': 'glucose(2)', 'supplement': 'hexanoic acid', 'strain-description': 'WT', 'base-media': 'M9', 'nitrogen-source': 'NH4Cl(1)', 'phosphorous-source': 'KH2PO4(3) Na2HPO4(6.8)', 'sulfur-source': 'MgSO4(0.24)', 'calcium-source': 'CaCl2(0.1)'}"
rpoA,G36D,ALEdb,"{'temperature': '37 celsius', 'carbon-source': 'glucose(2)', 'supplement': 'hexanoic acid', 'strain-description': 'WT', 'base-media': 'M9', 'nitrogen-source': 'NH4Cl(1)', 'phosphorous-source': 'KH2PO4(3) Na2HPO4(6.8)', 'sulfur-source': 'MgSO4(0.24)', 'calcium-source': 'CaCl2(0.1)'}"
rpoA,G36D,ALEdb,"{'temperature': '37 celsius', 'carbon-source': 'glucose(2)', 'supplement': 'hexanoic acid', 'strain-description': 'WT', 'base-media': 'M9', 'nitrogen-source': 'NH4Cl(1)', 'phosphorous-source': 'KH2PO4(3) Na2HPO4(6.8)', 'sulfur-source': 'MgSO4(0.24)', 'calcium-source': 'CaCl2(0.1)'}"
mreB,F139V,ALEdb,"{'temperature': '37 celsius', 'carbon-source': 'glucose(2)', 'supplement': 'octanoic acid', 'strain-description': 'WT', 'base-media': 'M9', 'nitrogen-source': 'NH4Cl(1)', 'phosphorous-source': 'KH2PO4(3) Na2HPO4(6.8)', 'sulfur-source': 'MgSO4(0.24)', 'calcium-source': 'CaCl2(0.1)'}"
rpoA,G36D,ALEdb,"{'temperature': '37 celsius', 'carbon-source': 'glucose(2)', 'supplement': 'octanoic acid', 'strain-description': 'WT', 'base-media': 'M9', 'nitrogen-source': 'NH4Cl(1)', 'phosphorous-source': 'KH2PO4(3) Na2HPO4(6.8)', 'sulfur-source': 'MgSO4(0.24)', 'calcium-source': 'CaCl2(0.1)'}"
mreB,P263L,ALEdb,"{'temperature': '37 celsius', 'carbon-source': 'glucose(2)', 'supplement': 'octanoic acid', 'strain-description': 'WT', 'base-media': 'M9', 'nitrogen-source': 'NH4Cl(1)', 'phosphorous-source': 'KH2PO4(3) Na2HPO4(6.8)', 'sulfur-source': 'MgSO4(0.24)', 'calcium-source': 'CaCl2(0.1)'}"
rpoA,G36D,ALEdb,"{'temperature': '37 celsius', 'carbon-source': 'glucose(2)', 'supplement': 'octanoic acid', 'strain-description': 'WT', 'base-media': 'M9', 'nitrogen-source': 'NH4Cl(1)', 'phosphorous-source': 'KH2PO4(3) Na2HPO4(6.8)', 'sulfur-source': 'MgSO4(0.24)', 'calcium-source': 'CaCl2(0.1)'}"
rpoA,G279V,ALEdb,"{'temperature': '37 celsius', 'carbon-source': 'glucose(2)', 'supplement': 'propanediol', 'strain-description': 'WT', 'base-media': 'M9', 'nitrogen-source': 'NH4Cl(1)', 'phosphorous-source': 'KH2PO4(3) Na2HPO4(6.8)', 'sulfur-source': 'MgSO4(0.24)', 'calcium-source': 'CaCl2(0.1)'}"
mreB,N34K,ALEdb,"{'temperature': '37 celsius', 'carbon-source': 'glucose(2)', 'supplement': 'putrescine', 'strain-description': 'WT', 'base-media': 'M9', 'nitrogen-source': 'NH4Cl(1)', 'phosphorous-source': 'KH2PO4(3) Na2HPO4(6.8)', 'sulfur-source': 'MgSO4(0.24)', 'calcium-source': 'CaCl2(0.1)'}"
mreB,E212A,ALEdb,"{'temperature': '37 celsius', 'carbon-source': 'glucose(2)', 'supplement': 'putrescine', 'strain-description': 'WT', 'base-media': 'M9', 'nitrogen-source': 'NH4Cl(1)', 'phosphorous-source': 'KH2PO4(3) Na2HPO4(6.8)', 'sulfur-source': 'MgSO4(0.24)', 'calcium-source': 'CaCl2(0.1)'}"
spoT,R209H,ALEdb,"{'temperature': '37 celsius', 'carbon-source': 'glucose(2)', 'supplement': 'putrescine', 'strain-description': 'WT', 'base-media': 'M9', 'nitrogen-source': 'NH4Cl(1)', 'phosphorous-source': 'KH2PO4(3) Na2HPO4(6.8)', 'sulfur-source': 'MgSO4(0.24)', 'calcium-source': 'CaCl2(0.1)'}"
mreB,I24M,ALEdb,"{'temperature': '37 celsius', 'carbon-source': 'glucose(2)', 'supplement': 'putrescine', 'strain-description': 'WT', 'base-media': 'M9', 'nitrogen-source': 'NH4Cl(1)', 'phosphorous-source': 'KH2PO4(3) Na2HPO4(6.8)', 'sulfur-source': 'MgSO4(0.24)', 'calcium-source': 'CaCl2(0.1)'}"
spoT,R467L,ALEdb,"{'temperature': '37 celsius', 'carbon-source': 'glucose(2)', 'supplement': 'putrescine', 'strain-description': 'WT', 'base-media': 'M9', 'nitrogen-source': 'NH4Cl(1)', 'phosphorous-source': 'KH2PO4(3) Na2HPO4(6.8)', 'sulfur-source': 'MgSO4(0.24)', 'calcium-source': 'CaCl2(0.1)'}"
mreB,H93N,ALEdb,"{'temperature': '37 celsius', 'carbon-source': 'glucose(2)', 'supplement': 'putrescine', 'strain-description': 'WT', 'base-media': 'M9', 'nitrogen-source': 'NH4Cl(1)', 'phosphorous-source': 'KH2PO4(3) Na2HPO4(6.8)', 'sulfur-source': 'MgSO4(0.24)', 'calcium-source': 'CaCl2(0.1)'}"
spoT,R467H,ALEdb,"{'temperature': '37 celsius', 'carbon-source': 'glucose(2)', 'supplement': 'putrescine', 'strain-description': 'WT', 'base-media': 'M9', 'nitrogen-source': 'NH4Cl(1)', 'phosphorous-source': 'KH2PO4(3) Na2HPO4(6.8)', 'sulfur-source': 'MgSO4(0.24)', 'calcium-source': 'CaCl2(0.1)'}"
mreB,A298V,ALEdb,"{'temperature': '37 celsius', 'carbon-source': 'glucose(2)', 'supplement': 'putrescine', 'strain-description': 'WT', 'base-media': 'M9', 'nitrogen-source': 'NH4Cl(1)', 'phosphorous-source': 'KH2PO4(3) Na2HPO4(6.8)', 'sulfur-source': 'MgSO4(0.24)', 'calcium-source': 'CaCl2(0.1)'}"
spoT,R471H,ALEdb,"{'temperature': '37 celsius', 'carbon-source': 'glucose(2)', 'supplement': 'putrescine', 'strain-description': 'WT', 'base-media': 'M9', 'nitrogen-source': 'NH4Cl(1)', 'phosphorous-source': 'KH2PO4(3) Na2HPO4(6.8)', 'sulfur-source': 'MgSO4(0.24)', 'calcium-source': 'CaCl2(0.1)'}"
rpoA,G279V,ALEdb,"{'temperature': '37 celsius', 'carbon-source': 'glucose(2)', 'supplement': 'NaCl(0.5g/L) trace elements', 'strain-description': 'MS57', 'base-media': 'M63', 'nitrogen-source': 'NH4Cl(1)', 'phosphorous-source': 'KH2PO4(3) Na2HPO4(6.78)', 'sulfur-source': 'MgSO4(1mM)', 'calcium-source': 'CaCl2(0.1mM)'}"
rpoA,G279V,ALEdb,"{'temperature': '37 celsius', 'carbon-source': 'glucose(2)', 'supplement': 'NaCl(0.5g/L) trace elements', 'strain-description': 'MS57', 'base-media': 'M63', 'nitrogen-source': 'NH4Cl(1)', 'phosphorous-source': 'KH2PO4(3) Na2HPO4(6.78)', 'sulfur-source': 'MgSO4(1mM)', 'calcium-source': 'CaCl2(0.1mM)'}"
rpoA,G279V,ALEdb,"{'temperature': '37 celsius', 'carbon-source': 'glucose(2)', 'supplement': 'NaCl(0.5g/L) trace elements', 'strain-description': 'MS57', 'base-media': 'M63', 'nitrogen-source': 'NH4Cl(1)', 'phosphorous-source': 'KH2PO4(3) Na2HPO4(6.78)', 'sulfur-source': 'MgSO4(1mM)', 'calcium-source': 'CaCl2(0.1mM)'}"
rpoA,G279V,ALEdb,"{'temperature': '37 celsius', 'carbon-source': 'glucose(2)', 'supplement': 'NaCl(0.5g/L) trace elements', 'strain-description': 'MS57', 'base-media': 'M63', 'nitrogen-source': 'NH4Cl(1)', 'phosphorous-source': 'KH2PO4(3) Na2HPO4(6.78)', 'sulfur-source': 'MgSO4(1mM)', 'calcium-source': 'CaCl2(0.1mM)'}"
spoT,M613I,ALEdb,"{'temperature': '37 celsius', 'carbon-source': 'glucose(4)', 'supplement': 'NaCl(0.5g/L) trace elements', 'strain-description': 'Δpgi glucose M9 pre-evolved', 'base-media': 'M9', 'nitrogen-source': 'NH4Cl(1)', 'phosphorous-source': 'KH2PO4(3) Na2HPO4(6.8)', 'sulfur-source': 'MgSO4(0.24)', 'calcium-source': 'CaCl2(0.1)'}"
rpoA,G315V,ALEdb,"{'temperature': '37 celsius', 'carbon-source': 'glucose(4)', 'supplement': 'NaCl(0.5g/L) trace elements', 'strain-description': 'B. melitensis pgi', 'base-media': 'M9', 'nitrogen-source': 'NH4Cl(1)', 'phosphorous-source': 'KH2PO4(3) Na2HPO4(6.8)', 'sulfur-source': 'MgSO4(0.24)', 'calcium-source': 'CaCl2(0.1)'}"
spoT,G530C,ALEdb,"{'temperature': '37 celsius', 'carbon-source': 'glucose(4)', 'supplement': 'NaCl(0.5g/L) trace elements', 'strain-description': 'H. sapien pgi', 'base-media': 'M9', 'nitrogen-source': 'NH4Cl(1)', 'phosphorous-source': 'KH2PO4(3) Na2HPO4(6.8)', 'sulfur-source': 'MgSO4(0.24)', 'calcium-source': 'CaCl2(0.1)'}"
rpoA,G315V,ALEdb,"{'temperature': '37 celsius', 'carbon-source': 'glucose(4)', 'supplement': 'NaCl(0.5g/L) trace elements', 'strain-description': 'H. sapien pgi', 'base-media': 'M9', 'nitrogen-source': 'NH4Cl(1)', 'phosphorous-source': 'KH2PO4(3) Na2HPO4(6.8)', 'sulfur-source': 'MgSO4(0.24)', 'calcium-source': 'CaCl2(0.1)'}"
rpoA,G315V,ALEdb,"{'temperature': '37 celsius', 'carbon-source': 'glucose(4)', 'supplement': 'NaCl(0.5g/L) trace elements', 'strain-description': 'Δpgi', 'base-media': 'M9', 'nitrogen-source': 'NH4Cl(1)', 'phosphorous-source': 'KH2PO4(3) Na2HPO4(6.8)', 'sulfur-source': 'MgSO4(0.24)', 'calcium-source': 'CaCl2(0.1)'}"
rpoA,S299A,ALEdb,"{'temperature': '37 celsius', 'carbon-source': 'glucose(4)', 'supplement': 'NaCl(0.5g/L) trace elements', 'strain-description': 'Δpgi', 'base-media': 'M9', 'nitrogen-source': 'NH4Cl(1)', 'phosphorous-source': 'KH2PO4(3) Na2HPO4(6.8)', 'sulfur-source': 'MgSO4(0.24)', 'calcium-source': 'CaCl2(0.1)'}"
rpoA,K298T,ALEdb,"{'temperature': '37 celsius', 'carbon-source': 'glucose(4)', 'supplement': 'NaCl(0.5g/L) trace elements', 'strain-description': 'Δpgi', 'base-media': 'M9', 'nitrogen-source': 'NH4Cl(1)', 'phosphorous-source': 'KH2PO4(3) Na2HPO4(6.8)', 'sulfur-source': 'MgSO4(0.24)', 'calcium-source': 'CaCl2(0.1)'}"
rpoA,T285I,ALEdb,"{'temperature': '37 celsius', 'carbon-source': 'glucose(4)', 'supplement': 'NaCl(0.5g/L) trace elements', 'strain-description': 'P. aerophilum pgi', 'base-media': 'M9', 'nitrogen-source': 'NH4Cl(1)', 'phosphorous-source': 'KH2PO4(3) Na2HPO4(6.8)', 'sulfur-source': 'MgSO4(0.24)', 'calcium-source': 'CaCl2(0.1)'}"
rpoA,T263A,ALEdb,"{'temperature': '37 celsius', 'carbon-source': 'glucose(4)', 'supplement': 'NaCl(0.5g/L) trace elements', 'strain-description': 'P. aerophilum pgi', 'base-media': 'M9', 'nitrogen-source': 'NH4Cl(1)', 'phosphorous-source': 'KH2PO4(3) Na2HPO4(6.8)', 'sulfur-source': 'MgSO4(0.24)', 'calcium-source': 'CaCl2(0.1)'}"
rpoA,E273D,ALEdb,"{'temperature': '37 celsius', 'carbon-source': 'glucose(4)', 'supplement': 'NaCl(0.5g/L) trace elements', 'strain-description': 'P. aerophilum pgi', 'base-media': 'M9', 'nitrogen-source': 'NH4Cl(1)', 'phosphorous-source': 'KH2PO4(3) Na2HPO4(6.8)', 'sulfur-source': 'MgSO4(0.24)', 'calcium-source': 'CaCl2(0.1)'}"
rpoA,G36C,ALEdb,"{'temperature': '37 celsius', 'carbon-source': 'glucose(4)', 'supplement': 'NaCl(0.5g/L) trace elements', 'strain-description': 'P. aerophilum pgi', 'base-media': 'M9', 'nitrogen-source': 'NH4Cl(1)', 'phosphorous-source': 'KH2PO4(3) Na2HPO4(6.8)', 'sulfur-source': 'MgSO4(0.24)', 'calcium-source': 'CaCl2(0.1)'}"
rpoA,E286G,ALEdb,"{'temperature': '37 celsius', 'carbon-source': 'glucose(4)', 'supplement': 'NaCl(0.5g/L) trace elements', 'strain-description': 'P. aerophilum pgi', 'base-media': 'M9', 'nitrogen-source': 'NH4Cl(1)', 'phosphorous-source': 'KH2PO4(3) Na2HPO4(6.8)', 'sulfur-source': 'MgSO4(0.24)', 'calcium-source': 'CaCl2(0.1)'}"
rpoA,T263P,ALEdb,"{'temperature': '37 celsius', 'carbon-source': 'glucose(4)', 'supplement': 'NaCl(0.5g/L) trace elements', 'strain-description': 'P. aerophilum pgi', 'base-media': 'M9', 'nitrogen-source': 'NH4Cl(1)', 'phosphorous-source': 'KH2PO4(3) Na2HPO4(6.8)', 'sulfur-source': 'MgSO4(0.24)', 'calcium-source': 'CaCl2(0.1)'}"
rpoA,T285I,ALEdb,"{'temperature': '37 celsius', 'carbon-source': 'glucose(4)', 'supplement': 'NaCl(0.5g/L) trace elements', 'strain-description': 'P. aerophilum pgi', 'base-media': 'M9', 'nitrogen-source': 'NH4Cl(1)', 'phosphorous-source': 'KH2PO4(3) Na2HPO4(6.8)', 'sulfur-source': 'MgSO4(0.24)', 'calcium-source': 'CaCl2(0.1)'}"
rpoA,G36V,ALEdb,"{'temperature': '37 celsius', 'carbon-source': 'glucose(4)', 'supplement': 'NaCl(0.5g/L) trace elements', 'strain-description': 'H. sapien tpiA', 'base-media': 'M9', 'nitrogen-source': 'NH4Cl(1)', 'phosphorous-source': 'KH2PO4(3) Na2HPO4(6.8)', 'sulfur-source': 'MgSO4(0.24)', 'calcium-source': 'CaCl2(0.1)'}"
rpoA,G36D,ALEdb,"{'temperature': '37 celsius', 'carbon-source': 'glucose(4)', 'supplement': 'NaCl(0.5g/L) trace elements', 'strain-description': 'P. aerophilum tpiA', 'base-media': 'M9', 'nitrogen-source': 'NH4Cl(1)', 'phosphorous-source': 'KH2PO4(3) Na2HPO4(6.8)', 'sulfur-source': 'MgSO4(0.24)', 'calcium-source': 'CaCl2(0.1)'}"
rpoA,G36D,ALEdb,"{'temperature': '37 celsius', 'carbon-source': 'glucose(4)', 'supplement': 'NaCl(0.5g/L) trace elements', 'strain-description': 'P. aerophilum tpiA', 'base-media': 'M9', 'nitrogen-source': 'NH4Cl(1)', 'phosphorous-source': 'KH2PO4(3) Na2HPO4(6.8)', 'sulfur-source': 'MgSO4(0.24)', 'calcium-source': 'CaCl2(0.1)'}"
rpoA,D199Y,ALEdb,"{'temperature': '37 celsius', 'carbon-source': 'glucose(4)', 'supplement': 'NaCl(0.5g/L) trace elements', 'strain-description': 'P. aerophilum tpiA', 'base-media': 'M9', 'nitrogen-source': 'NH4Cl(1)', 'phosphorous-source': 'KH2PO4(3) Na2HPO4(6.8)', 'sulfur-source': 'MgSO4(0.24)', 'calcium-source': 'CaCl2(0.1)'}"
rpoA,G36D,ALEdb,"{'temperature': '37 celsius', 'carbon-source': 'glucose(4)', 'supplement': 'NaCl(0.5g/L) trace elements', 'strain-description': 'P. aerophilum tpiA', 'base-media': 'M9', 'nitrogen-source': 'NH4Cl(1)', 'phosphorous-source': 'KH2PO4(3) Na2HPO4(6.8)', 'sulfur-source': 'MgSO4(0.24)', 'calcium-source': 'CaCl2(0.1)'}"
rpoA,G36D,ALEdb,"{'temperature': '37 celsius', 'carbon-source': 'glucose(4)', 'supplement': 'NaCl(0.5g/L) trace elements', 'strain-description': 'P. aerophilum tpiA', 'base-media': 'M9', 'nitrogen-source': 'NH4Cl(1)', 'phosphorous-source': 'KH2PO4(3) Na2HPO4(6.8)', 'sulfur-source': 'MgSO4(0.24)', 'calcium-source': 'CaCl2(0.1)'}"
rpoA,G36D,ALEdb,"{'temperature': '37 celsius', 'carbon-source': 'glucose(4)', 'supplement': 'NaCl(0.5g/L) trace elements', 'strain-description': 'P. aerophilum tpiA', 'base-media': 'M9', 'nitrogen-source': 'NH4Cl(1)', 'phosphorous-source': 'KH2PO4(3) Na2HPO4(6.8)', 'sulfur-source': 'MgSO4(0.24)', 'calcium-source': 'CaCl2(0.1)'}"
