,DMS_id,DMS_filename,UniProt_ID,taxon,target_seq,seq_len,includes_multiple_mutants,DMS_total_number_mutants,DMS_number_single_mutants,DMS_number_multiple_mutants,DMS_binarization_cutoff,DMS_binarization_method,first_author,title,year,jo,region_mutated,molecule_name,source_organism,selection_assay,selection_type,MSA_filename,MSA_start,MSA_end,MSA_len,MSA_bitscore,MSA_theta,MSA_num_seqs,MSA_perc_cov,MSA_num_cov,MSA_N_eff,MSA_Neff_L,MSA_Neff_L_category,MSA_num_significant,MSA_num_significant_L,raw_DMS_filename,raw_DMS_phenotype_name,raw_DMS_directionality,raw_DMS_mutant_column,weight_file_name
10,AMIE_PSEAE_Wrenbeck_2017,AMIE_PSEAE_Wrenbeck_2017.csv,AMIE_PSEAE,Prokaryote,MRHGDISSSNDTVGVAVVNYKMPRLHTAAEVLDNARKIAEMIVGMKQGLPGMDLVVFPEYSLQGIMYDPAEMMETAVAIPGEETEIFSRACRKANVWGVFSLTGERHEEHPRKAPYNTLVLIDNNGEIVQKYRKIIPWCPIEGWYPGGQTYVSEGPKGMKISLIICDDGNYPEIWRDCAMKGAELIVRCQGYMYPAKDQQVMMAKAMAWANNCYVAVANAAGFDGVYSYFGHSAIIGFDGRTLGECGEEEMGIQYAQLSLSQIRDARANDQSQNHLFKILHRGYSGLQASGDGDRGLAECPFEFYRTWVTDAEKARENVERLTRSTTGVAQCPVGRLPYEGLEKEA,346,False,6227,6227,0,-0.2222,median,Wrenbeck,Single-mutation fitness landscapes for an enzyme on multiple substrates reveal specificity is globally encoded,2017,10.1038/ncomms15695,1-341,amiE,Pseudomonas aeruginosa,Enzyme function,Growth,AMIE_PSEAE_full_11-26-2021_b02.a2m,1,346,346,0.2,0.2,140703,0.725,251,29959.3,119.359761,high,557,2.219123506,AMIE_PSEAE_Wrenbeck_2017.csv,isobutyramide_normalized_fitness,1,mutant,AMIE_PSEAE_theta_0.2.npy
21,CCDB_ECOLI_Tripathi_2016,CCDB_ECOLI_Tripathi_2016.csv,CCDB_ECOLI,Prokaryote,MQFKVYTYKRESRYRLFVDVQSDIIDTPGRRMVIPLASARLLSDKVSRELYPVVHIGDESWRMMTTDMASVPVSVIGEEVADLSHRENDIKNAINLMFWGI,101,False,1663,1663,0,-3.5,manual,Tripathi,"Molecular Determinants of Mutant Phenotypes, Inferred from Saturation Mutagenesis Data",2016,10.1093/molbev/msw182,2-101,ccdB,Escherichia coli,growth (surrogate for toxicity/activity of CCDB),Growth,CCDB_ECOLI_full_11-26-2021_b02.a2m,1,101,101,0.2,0.2,43564,0.851,86,16821.5,195.5988372,high,61,0.7093023256,CCDB_ECOLI_Tripathi_2016.csv,score,-1,mutant,CCDB_ECOLI_theta_0.2.npy
22,CP2C9_HUMAN_Amorosi_abundance_2021,CP2C9_HUMAN_Amorosi_abundance_2021.csv,CP2C9_HUMAN,Human,MDSLVVLVLCLSCLLLLSLWRQSSGRGKLPPGPTPLPVIGNILQIGIKDISKSLTNLSKVYGPVFTLYFGLKPIVVLHGYEAVKEALIDLGEEFSGRGIFPLAERANRGFGIVFSNGKKWKEIRRFSLMTLRNFGMGKRSIEDRVQEEARCLVEELRKTKASPCDPTFILGCAPCNVICSIIFHKRFDYKDQQFLNLMEKLNENIKILSSPWIQICNNFSPIIDYFPGTHNKLLKNVAFMKSYILEKVKEHQESMDMNNPQDFIDCFLMKMEKEKHNQPSEFTIESLENTAVDLFGAGTETTSTTLRYALLLLLKHPEVTAKVQEEIERVIGRNRSPCMQDRSHMPYTDAVVHEVQRYIDLLPTSLPHAVTCDIKFRNYLIPKGTTILISLTSVLHDNKEFPNPEMFDPHHFLDEGGNFKKSKYFMPFSAGKRICVGEALAGMELFLFLTSILQNFNLKSLVDPKNLDTTPVVNGFASVPPFYQLCFIPV,490,False,6370,6370,0,0.7723244345,median,Amorosi,Massively parallel characterization of CYP2C9 variant enzyme activity and abundance,2021,10.1016/j.ajhg.2021.07.001,1-490,CP2C9,Homo sapiens,"Growth, activity","Growth, activity",CP2C9_HUMAN_full_11-26-2021_b04.a2m,1,490,490,0.4,0.2,264279,0.886,434,81212.1,187.1246544,high,1092,2.516129032,CP2C9_HUMAN_Amorosi_2021.csv,abundance_score,1,variant,CP2C9_HUMAN_theta_0.2.npy
23,CP2C9_HUMAN_Amorosi_activity_2021,CP2C9_HUMAN_Amorosi_activity_2021.csv,CP2C9_HUMAN,Human,MDSLVVLVLCLSCLLLLSLWRQSSGRGKLPPGPTPLPVIGNILQIGIKDISKSLTNLSKVYGPVFTLYFGLKPIVVLHGYEAVKEALIDLGEEFSGRGIFPLAERANRGFGIVFSNGKKWKEIRRFSLMTLRNFGMGKRSIEDRVQEEARCLVEELRKTKASPCDPTFILGCAPCNVICSIIFHKRFDYKDQQFLNLMEKLNENIKILSSPWIQICNNFSPIIDYFPGTHNKLLKNVAFMKSYILEKVKEHQESMDMNNPQDFIDCFLMKMEKEKHNQPSEFTIESLENTAVDLFGAGTETTSTTLRYALLLLLKHPEVTAKVQEEIERVIGRNRSPCMQDRSHMPYTDAVVHEVQRYIDLLPTSLPHAVTCDIKFRNYLIPKGTTILISLTSVLHDNKEFPNPEMFDPHHFLDEGGNFKKSKYFMPFSAGKRICVGEALAGMELFLFLTSILQNFNLKSLVDPKNLDTTPVVNGFASVPPFYQLCFIPV,490,False,6142,6142,0,0.5476104185,median,Amorosi,Massively parallel characterization of CYP2C9 variant enzyme activity and abundance,2021,10.1016/j.ajhg.2021.07.001,1-490,CP2C9,Homo sapiens,"Growth, activity","Growth, activity",CP2C9_HUMAN_full_11-26-2021_b04.a2m,1,490,490,0.4,0.2,264279,0.886,434,81212.1,187.1246544,high,1092,2.516129032,CP2C9_HUMAN_Amorosi_2021.csv,activity_score,1,variant,CP2C9_HUMAN_theta_0.2.npy
43,MSH2_HUMAN_Jia_2020,MSH2_HUMAN_Jia_2020.csv,MSH2_HUMAN,Human,MAVQPKETLQLESAAEVGFVRFFQGMPEKPTTTVRLFDRGDFYTAHGEDALLAAREVFKTQGVIKYMGPAGAKNLQSVVLSKMNFESFVKDLLLVRQYRVEVYKNRAGNKASKENDWYLAYKASPGNLSQFEDILFGNNDMSASIGVVGVKMSAVDGQRQVGVGYVDSIQRKLGLCEFPDNDQFSNLEALLIQIGPKECVLPGGETAGDMGKLRQIIQRGGILITERKKADFSTKDIYQDLNRLLKGKKGEQMNSAVLPEMENQVAVSSLSAVIKFLELLSDDSNFGQFELTTFDFSQYMKLDIAAVRALNLFQGSVEDTTGSQSLAALLNKCKTPQGQRLVNQWIKQPLMDKNRIEERLNLVEAFVEDAELRQTLQEDLLRRFPDLNRLAKKFQRQAANLQDCYRLYQGINQLPNVIQALEKHEGKHQKLLLAVFVTPLTDLRSDFSKFQEMIETTLDMDQVENHEFLVKPSFDPNLSELREIMNDLEKKMQSTLISAARDLGLDPGKQIKLDSSAQFGYYFRVTCKEEKVLRNNKNFSTVDIQKNGVKFTNSKLTSLNEEYTKNKTEYEEAQDAIVKEIVNISSGYVEPMQTLNDVLAQLDAVVSFAHVSNGAPVPYVRPAILEKGQGRIILKASRHACVEVQDEIAFIPNDVYFEKDKQMFHIITGPNMGGKSTYIRQTGVIVLMAQIGCFVPCESAEVSIVDCILARVGAGDSQLKGVSTFMAEMLETASILRSATKDSLIIIDELGRGTSTYDGFGLAWAISEYIATKIGAFCMFATHFHELTALANQIPTVNNLHVTALTTEETLTMLYQVKKGVCDQSFGIHVAELANFPKHVIECAKQKALELEEFQYIGESQGYDIMEPAAKKCYLEREQGEKIIQEFLSKVKQMPFTEMSEENITIKLKQLKAEVIAKNNSFVNEIISRIKVTT,934,False,16749,16749,0,1.0,manual,Jia,Massively parallel functional testing of MSH2 missense variants conferring Lynch Syndrome risk,2020,10.1016/j.ajhg.2020.12.003,1-934,MSH2,Homo sapiens,"drug resistance (surrogate for protein activity, 6-thioguanine (6-TG))",,MSH2_HUMAN_full_11-26-2021_b05.a2m,1,934,934,0.5,0.2,61226,0.901,842,10716.4,12.72731591,medium,1035,1.229216152,MSH2_HUMAN_Jia_2020.csv,LOF score,-1,Variant,MSH2_HUMAN_theta_0.2.npy
58,PTEN_HUMAN_Mighell_2018,PTEN_HUMAN_Mighell_2018.csv,PTEN_HUMAN,Human,MTAIIKEIVSRNKRRYQEDGFDLDLTYIYPNIIAMGFPAERLEGVYRNNIDDVVRFLDSKHKNHYKIYNLCAERHYDTAKFNCRVAQYPFEDHNPPQLELIKPFCEDLDQWLSEDDNHVAAIHCKAGKGRTGVMICAYLLHRGKFLKAQEALDFYGEVRTRDKKGVTIPSQRRYVYYYSYLLKNHLDYRPVALLFHKMMFETIPMFSGGTCNPQFVVCQLKVKIYSSNSGPTRREDKFMYFEFPQPLPVCGDIKVEFFHKQNKMLKKDKMFHFWVNTFFIPGPEETSEKVENGSLCDQEIDSICSIERADNDKEYLVLTLTKNDLDKANKDKANRYFSPNFKVKLYFTKTVEEPSNPEASSSTSVTPDVSDNEPDHYRYSDTTDSDPENEPFDEDQHTQITKV,403,False,7260,7260,0,-1.5,manual,Mighell,A Saturation Mutagenesis Approach to Understanding PTEN Lipid Phosphatase Activity and Genotype-Phenotype Relationships,2018,10.1016/j.ajhg.2018.03.018,1-403,PTEN,Homo sapiens,"growth (surrogate for enzymatic activity/hydrolysis of lipid phosphates to restore PIP2, which affects proliferation rate)",lipid phosphatase activity,PTEN_HUMAN_full_11-26-2021_b01.a2m,1,403,403,0.1,0.2,19058,0.752,303,1425.3,4.703960396,medium,52,0.1716171617,PTEN_HUMAN_Mighell_2018.csv,Fitness_score,1,mutant,PTEN_HUMAN_theta_0.2.npy
60,Q59976_STRSQ_Romero_2015,Q59976_STRSQ_Romero_2015.csv,Q59976_STRSQ,Prokaryote,MVPAAQQTAMAPDAALTFPEGFLWGSATASYQIEGAAAEDGRTPSIWDTYARTPGRVRNGDTGDVATDHYHRWREDVALMAELGLGAYRFSLAWPRIQPTGRGPALQKGLDFYRRLADELLAKGIQPVATLYHWDLPQELENAGGWPERATAERFAEYAAIAADALGDRVKTWTTLNEPWCSAFLGYGSGVHAPGRTDPVAALRAAHHLNLGHGLAVQALRDRLPADAQCSVTLNIHHVRPLTDSDADADAVRRIDALANRVFTGPMLQGAYPEDLVKDTAGLTDWSFVRDGDLRLAHQKLDFLGVNYYSPTLVSEADGSGTHNSDGHGRSAHSPWPGADRVAFHQPPGETTAMGWAVDPSGLYELLRRLSSDFPALPLVITENGAAFHDYADPEGNVNDPERIAYVRDHLAAVHRAIKDGSDVRGYFLWSLLDNFEWAHGYSKRFGAVYVDYPTGTRIPKASARWYAEVARTGVLPTAGDPNSSSVDKLAAALEHHHHHH,501,False,2999,2999,0,-1.0,manual,Romero,Dissecting enzyme function with microfluidic-based deep mutational scanning,2015,10.1073/pnas.1422285112,1-501,Î²-glucosidase,Streptomyces sp.,Enzyme function,Activity,Q59976_STRSQ_full_11-26-2021_b03.a2m,1,501,501,0.3,0.2,105913,0.882,442,13981.2,31.63167421,medium,850,1.923076923,Q59976_STRSQ_Romero_2015.csv,enrichment,1,mutant,Q59976_STRSQ_theta_0.2.npy
66,RL401_YEAST_Roscoe_2014,RL401_YEAST_Roscoe_2014.csv,RL40A_YEAST,Eukaryote,MQIFVKTLTGKTITLEVESSDTIDNVKSKIQDKEGIPPDQQRLIFAGKQLEDGRTLSDYNIQKESTLHLVLRLRGGIIEPSLKALASKYNCDKSVCRKCYARLPPRATNCRKRKCGHTNQLRPKKKLK,128,False,1380,1380,0,0.5,manual,Roscoe,"Systematic Exploration of Ubiquitin Sequence, E1 Activation Efficiency, and Experimental Fitness in Yeast",2014,10.1016/j.jmb.2014.05.019,2-76,Ubiquitin,Saccharomyces cerevisiae S288C,E1 reactivity,Binding,RL401_YEAST_full_11-26-2021_b01.a2m,1,128,128,0.1,0.2,16228,0.695,89,3974.4,44.65617978,medium,12,0.1348314607,RL401_YEAST_Roscoe_2014.csv,rel_react,1,mutant,RL401_YEAST_theta_0.2.npy
72,SRC_HUMAN_Ahler_CD_2019,SRC_HUMAN_Ahler_CD_2019.csv,SRC_HUMAN,Human,MGSNKSKPKDASQRRRSLEPAENVHGAGGGAFPASQTPSKPASADGHRGPSAAFAPAAAEPKLFGGFNSSDTVTSPQRAGPLAGGVTTFVALYDYESRTETDLSFKKGERLQIVNNTEGDWWLAHSLSTGQTGYIPSNYVAPSDSIQAEEWYFGKITRRESERLLLNAENPRGTFLVRESETTKGAYCLSVSDFDNAKGLNVKHYKIRKLDSGGFYITSRTQFNSLQQLVAYYSKHADGLCHRLTTVCPTSKPQTQGLAKDAWEIPRESLRLEVKLGQGCFGEVWMGTWNGTTRVAIKTLKPGTMSPEAFLQEAQVMKKLRHEKLVQLYAVVSEEPIYIVTEYMSKGSLLDFLKGETGKYLRLPQLVDMAAQIASGMAYVERMNYVHRDLRAANILVGENLVCKVADFGLARLIEDNEYTARQGAKFPIKWTAPEAALYGRFTIKSDVWSFGILLTELTTKGRVPYPGMVNREVLDQVERGYRMPCPPECPESLHDLMCQCWRKEPEERPTFEYLQAFLEDYFTSTEPQYQPGENL,536,False,3372,3372,0,-1.0,manual,Ahler,"A Combined Approach Reveals a Regulatory Mechanism Coupling Src's Kinase Activity, Localization, and Phosphotransferase-Independent Functions",2019,10.1016/j.molcel.2019.02.003,270-519,SRC,Homo sapiens,growth (surrogate for phosphorylation activity),Growth,SRC_HUMAN_full_11-26-2021_b06.a2m,1,536,536,0.6,0.2,26974,0.808,433,1405.1,3.245034642,medium,86,0.1986143187,SRC_HUMAN_Ahler_CD_2019.csv,Activity_Score,1,mutant_uniprot_1,SRC_HUMAN_theta_0.2.npy
