mutant,mutated_sequence,DMS_score,DMS_score_bin,y,predictions
A37P,MQFKVYTYKRESRYRLFVDVQSDIIDTPGRRMVIPLPSARLLSDKVSRELYPVVHIGDESWRMMTTDMASVPVSVIGEEVADLSHRENDIKNAINLMFWGI,-6.0,0,0.4285714285714285,0.8892133235931396
M63D,MQFKVYTYKRESRYRLFVDVQSDIIDTPGRRMVIPLASARLLSDKVSRELYPVVHIGDESWRDMTTDMASVPVSVIGEEVADLSHRENDIKNAINLMFWGI,-9.0,0,0.0,0.7346330881118774
S84K,MQFKVYTYKRESRYRLFVDVQSDIIDTPGRRMVIPLASARLLSDKVSRELYPVVHIGDESWRMMTTDMASVPVSVIGEEVADLKHRENDIKNAINLMFWGI,-2.0,1,1.0,0.9590588808059692
D19M,MQFKVYTYKRESRYRLFVMVQSDIIDTPGRRMVIPLASARLLSDKVSRELYPVVHIGDESWRMMTTDMASVPVSVIGEEVADLSHRENDIKNAINLMFWGI,-2.0,1,1.0,0.9809373021125793
V80R,MQFKVYTYKRESRYRLFVDVQSDIIDTPGRRMVIPLASARLLSDKVSRELYPVVHIGDESWRMMTTDMASVPVSVIGEERADLSHRENDIKNAINLMFWGI,-2.0,1,1.0,0.8494573831558228
E78S,MQFKVYTYKRESRYRLFVDVQSDIIDTPGRRMVIPLASARLLSDKVSRELYPVVHIGDESWRMMTTDMASVPVSVIGSEVADLSHRENDIKNAINLMFWGI,-2.0,1,1.0,0.9550088047981262
T7G,MQFKVYGYKRESRYRLFVDVQSDIIDTPGRRMVIPLASARLLSDKVSRELYPVVHIGDESWRMMTTDMASVPVSVIGEEVADLSHRENDIKNAINLMFWGI,-2.0,1,1.0,0.9639184474945068
A93E,MQFKVYTYKRESRYRLFVDVQSDIIDTPGRRMVIPLASARLLSDKVSRELYPVVHIGDESWRMMTTDMASVPVSVIGEEVADLSHRENDIKNEINLMFWGI,-6.0,0,0.4285714285714285,0.3468673825263977
S38L,MQFKVYTYKRESRYRLFVDVQSDIIDTPGRRMVIPLALARLLSDKVSRELYPVVHIGDESWRMMTTDMASVPVSVIGEEVADLSHRENDIKNAINLMFWGI,-2.0,1,1.0,0.9478535056114197
A81L,MQFKVYTYKRESRYRLFVDVQSDIIDTPGRRMVIPLASARLLSDKVSRELYPVVHIGDESWRMMTTDMASVPVSVIGEEVLDLSHRENDIKNAINLMFWGI,-2.0,1,1.0,0.9588627815246582
D19T,MQFKVYTYKRESRYRLFVTVQSDIIDTPGRRMVIPLASARLLSDKVSRELYPVVHIGDESWRMMTTDMASVPVSVIGEEVADLSHRENDIKNAINLMFWGI,-2.0,1,1.0,0.9807203412055969
G29T,MQFKVYTYKRESRYRLFVDVQSDIIDTPTRRMVIPLASARLLSDKVSRELYPVVHIGDESWRMMTTDMASVPVSVIGEEVADLSHRENDIKNAINLMFWGI,-2.0,1,1.0,0.9764700531959534
T27R,MQFKVYTYKRESRYRLFVDVQSDIIDRPGRRMVIPLASARLLSDKVSRELYPVVHIGDESWRMMTTDMASVPVSVIGEEVADLSHRENDIKNAINLMFWGI,-2.0,1,1.0,0.9387645125389099
V75K,MQFKVYTYKRESRYRLFVDVQSDIIDTPGRRMVIPLASARLLSDKVSRELYPVVHIGDESWRMMTTDMASVPVSKIGEEVADLSHRENDIKNAINLMFWGI,-2.0,1,1.0,0.9599176645278931
R86S,MQFKVYTYKRESRYRLFVDVQSDIIDTPGRRMVIPLASARLLSDKVSRELYPVVHIGDESWRMMTTDMASVPVSVIGEEVADLSHSENDIKNAINLMFWGI,-2.0,1,1.0,0.945239245891571
S74N,MQFKVYTYKRESRYRLFVDVQSDIIDTPGRRMVIPLASARLLSDKVSRELYPVVHIGDESWRMMTTDMASVPVNVIGEEVADLSHRENDIKNAINLMFWGI,-2.0,1,1.0,0.946444571018219
V18P,MQFKVYTYKRESRYRLFPDVQSDIIDTPGRRMVIPLASARLLSDKVSRELYPVVHIGDESWRMMTTDMASVPVSVIGEEVADLSHRENDIKNAINLMFWGI,-9.0,0,0.0,0.3289438784122467
R48I,MQFKVYTYKRESRYRLFVDVQSDIIDTPGRRMVIPLASARLLSDKVSIELYPVVHIGDESWRMMTTDMASVPVSVIGEEVADLSHRENDIKNAINLMFWGI,-2.0,1,1.0,0.9797403216362
V71M,MQFKVYTYKRESRYRLFVDVQSDIIDTPGRRMVIPLASARLLSDKVSRELYPVVHIGDESWRMMTTDMASMPVSVIGEEVADLSHRENDIKNAINLMFWGI,-2.0,1,1.0,0.9782668352127075
V75A,MQFKVYTYKRESRYRLFVDVQSDIIDTPGRRMVIPLASARLLSDKVSRELYPVVHIGDESWRMMTTDMASVPVSAIGEEVADLSHRENDIKNAINLMFWGI,-2.0,1,1.0,0.9648243188858032
K4Y,MQFYVYTYKRESRYRLFVDVQSDIIDTPGRRMVIPLASARLLSDKVSRELYPVVHIGDESWRMMTTDMASVPVSVIGEEVADLSHRENDIKNAINLMFWGI,-2.0,1,1.0,0.9835351705551147
D67P,MQFKVYTYKRESRYRLFVDVQSDIIDTPGRRMVIPLASARLLSDKVSRELYPVVHIGDESWRMMTTPMASVPVSVIGEEVADLSHRENDIKNAINLMFWGI,-8.0,0,0.1428571428571428,0.9139755368232727
V20T,MQFKVYTYKRESRYRLFVDTQSDIIDTPGRRMVIPLASARLLSDKVSRELYPVVHIGDESWRMMTTDMASVPVSVIGEEVADLSHRENDIKNAINLMFWGI,-2.0,1,1.0,0.780001163482666
K45G,MQFKVYTYKRESRYRLFVDVQSDIIDTPGRRMVIPLASARLLSDGVSRELYPVVHIGDESWRMMTTDMASVPVSVIGEEVADLSHRENDIKNAINLMFWGI,-2.0,1,1.0,0.9721667170524597
Q2M,MMFKVYTYKRESRYRLFVDVQSDIIDTPGRRMVIPLASARLLSDKVSRELYPVVHIGDESWRMMTTDMASVPVSVIGEEVADLSHRENDIKNAINLMFWGI,-2.0,1,1.0,0.728528618812561
V53H,MQFKVYTYKRESRYRLFVDVQSDIIDTPGRRMVIPLASARLLSDKVSRELYPHVHIGDESWRMMTTDMASVPVSVIGEEVADLSHRENDIKNAINLMFWGI,-2.0,1,1.0,0.9418607950210571
M64Y,MQFKVYTYKRESRYRLFVDVQSDIIDTPGRRMVIPLASARLLSDKVSRELYPVVHIGDESWRMYTTDMASVPVSVIGEEVADLSHRENDIKNAINLMFWGI,-2.0,1,1.0,0.9116183519363403
T7S,MQFKVYSYKRESRYRLFVDVQSDIIDTPGRRMVIPLASARLLSDKVSRELYPVVHIGDESWRMMTTDMASVPVSVIGEEVADLSHRENDIKNAINLMFWGI,-2.0,1,1.0,0.9664192795753479
V46I,MQFKVYTYKRESRYRLFVDVQSDIIDTPGRRMVIPLASARLLSDKISRELYPVVHIGDESWRMMTTDMASVPVSVIGEEVADLSHRENDIKNAINLMFWGI,-2.0,1,1.0,0.9476785659790039
M64T,MQFKVYTYKRESRYRLFVDVQSDIIDTPGRRMVIPLASARLLSDKVSRELYPVVHIGDESWRMTTTDMASVPVSVIGEEVADLSHRENDIKNAINLMFWGI,-2.0,1,1.0,0.9564019441604614
I101D,MQFKVYTYKRESRYRLFVDVQSDIIDTPGRRMVIPLASARLLSDKVSRELYPVVHIGDESWRMMTTDMASVPVSVIGEEVADLSHRENDIKNAINLMFWGD,-6.0,0,0.4285714285714285,0.9119188189506531
T65C,MQFKVYTYKRESRYRLFVDVQSDIIDTPGRRMVIPLASARLLSDKVSRELYPVVHIGDESWRMMCTDMASVPVSVIGEEVADLSHRENDIKNAINLMFWGI,-2.0,1,1.0,0.9724839925765991
M64N,MQFKVYTYKRESRYRLFVDVQSDIIDTPGRRMVIPLASARLLSDKVSRELYPVVHIGDESWRMNTTDMASVPVSVIGEEVADLSHRENDIKNAINLMFWGI,-2.0,1,1.0,0.8637654781341553
V46E,MQFKVYTYKRESRYRLFVDVQSDIIDTPGRRMVIPLASARLLSDKESRELYPVVHIGDESWRMMTTDMASVPVSVIGEEVADLSHRENDIKNAINLMFWGI,-2.0,1,1.0,0.9282588362693787
N88G,MQFKVYTYKRESRYRLFVDVQSDIIDTPGRRMVIPLASARLLSDKVSRELYPVVHIGDESWRMMTTDMASVPVSVIGEEVADLSHREGDIKNAINLMFWGI,-2.0,1,1.0,0.9690348505973816
I34A,MQFKVYTYKRESRYRLFVDVQSDIIDTPGRRMVAPLASARLLSDKVSRELYPVVHIGDESWRMMTTDMASVPVSVIGEEVADLSHRENDIKNAINLMFWGI,-2.0,1,1.0,0.7202406525611877
Y14M,MQFKVYTYKRESRMRLFVDVQSDIIDTPGRRMVIPLASARLLSDKVSRELYPVVHIGDESWRMMTTDMASVPVSVIGEEVADLSHRENDIKNAINLMFWGI,-2.0,1,1.0,0.9735421538352966
V73T,MQFKVYTYKRESRYRLFVDVQSDIIDTPGRRMVIPLASARLLSDKVSRELYPVVHIGDESWRMMTTDMASVPTSVIGEEVADLSHRENDIKNAINLMFWGI,-2.0,1,1.0,0.9567849040031433
D44T,MQFKVYTYKRESRYRLFVDVQSDIIDTPGRRMVIPLASARLLSTKVSRELYPVVHIGDESWRMMTTDMASVPVSVIGEEVADLSHRENDIKNAINLMFWGI,-2.0,1,1.0,0.958032488822937
L36C,MQFKVYTYKRESRYRLFVDVQSDIIDTPGRRMVIPCASARLLSDKVSRELYPVVHIGDESWRMMTTDMASVPVSVIGEEVADLSHRENDIKNAINLMFWGI,-6.0,0,0.4285714285714285,0.8157278895378113
K9V,MQFKVYTYVRESRYRLFVDVQSDIIDTPGRRMVIPLASARLLSDKVSRELYPVVHIGDESWRMMTTDMASVPVSVIGEEVADLSHRENDIKNAINLMFWGI,-2.0,1,1.0,0.9212809205055237
S43H,MQFKVYTYKRESRYRLFVDVQSDIIDTPGRRMVIPLASARLLHDKVSRELYPVVHIGDESWRMMTTDMASVPVSVIGEEVADLSHRENDIKNAINLMFWGI,-2.0,1,1.0,0.9715343117713928
G57E,MQFKVYTYKRESRYRLFVDVQSDIIDTPGRRMVIPLASARLLSDKVSRELYPVVHIEDESWRMMTTDMASVPVSVIGEEVADLSHRENDIKNAINLMFWGI,-2.0,1,1.0,0.9282476305961609
T7V,MQFKVYVYKRESRYRLFVDVQSDIIDTPGRRMVIPLASARLLSDKVSRELYPVVHIGDESWRMMTTDMASVPVSVIGEEVADLSHRENDIKNAINLMFWGI,-2.0,1,1.0,0.9657410383224487
I24A,MQFKVYTYKRESRYRLFVDVQSDAIDTPGRRMVIPLASARLLSDKVSRELYPVVHIGDESWRMMTTDMASVPVSVIGEEVADLSHRENDIKNAINLMFWGI,-6.0,0,0.4285714285714285,0.8746605515480042
K9A,MQFKVYTYARESRYRLFVDVQSDIIDTPGRRMVIPLASARLLSDKVSRELYPVVHIGDESWRMMTTDMASVPVSVIGEEVADLSHRENDIKNAINLMFWGI,-2.0,1,1.0,0.9752251505851746
F3E,MQEKVYTYKRESRYRLFVDVQSDIIDTPGRRMVIPLASARLLSDKVSRELYPVVHIGDESWRMMTTDMASVPVSVIGEEVADLSHRENDIKNAINLMFWGI,-6.0,0,0.4285714285714285,0.32727760076522827
E87D,MQFKVYTYKRESRYRLFVDVQSDIIDTPGRRMVIPLASARLLSDKVSRELYPVVHIGDESWRMMTTDMASVPVSVIGEEVADLSHRDNDIKNAINLMFWGI,-2.0,1,1.0,0.9586062431335449
L96Q,MQFKVYTYKRESRYRLFVDVQSDIIDTPGRRMVIPLASARLLSDKVSRELYPVVHIGDESWRMMTTDMASVPVSVIGEEVADLSHRENDIKNAINQMFWGI,-2.0,1,1.0,0.821692705154419
V33E,MQFKVYTYKRESRYRLFVDVQSDIIDTPGRRMEIPLASARLLSDKVSRELYPVVHIGDESWRMMTTDMASVPVSVIGEEVADLSHRENDIKNAINLMFWGI,-7.0,0,0.2857142857142856,0.3741217851638794
D23S,MQFKVYTYKRESRYRLFVDVQSSIIDTPGRRMVIPLASARLLSDKVSRELYPVVHIGDESWRMMTTDMASVPVSVIGEEVADLSHRENDIKNAINLMFWGI,-2.0,1,1.0,0.9479207992553711
I94F,MQFKVYTYKRESRYRLFVDVQSDIIDTPGRRMVIPLASARLLSDKVSRELYPVVHIGDESWRMMTTDMASVPVSVIGEEVADLSHRENDIKNAFNLMFWGI,-2.0,1,1.0,0.9049882888793945
I24W,MQFKVYTYKRESRYRLFVDVQSDWIDTPGRRMVIPLASARLLSDKVSRELYPVVHIGDESWRMMTTDMASVPVSVIGEEVADLSHRENDIKNAINLMFWGI,-2.0,1,1.0,0.939564049243927
R13V,MQFKVYTYKRESVYRLFVDVQSDIIDTPGRRMVIPLASARLLSDKVSRELYPVVHIGDESWRMMTTDMASVPVSVIGEEVADLSHRENDIKNAINLMFWGI,-2.0,1,1.0,0.9439449906349182
I56D,MQFKVYTYKRESRYRLFVDVQSDIIDTPGRRMVIPLASARLLSDKVSRELYPVVHDGDESWRMMTTDMASVPVSVIGEEVADLSHRENDIKNAINLMFWGI,-2.0,1,1.0,0.8481594324111938
D23V,MQFKVYTYKRESRYRLFVDVQSVIIDTPGRRMVIPLASARLLSDKVSRELYPVVHIGDESWRMMTTDMASVPVSVIGEEVADLSHRENDIKNAINLMFWGI,-2.0,1,1.0,0.8814864754676819
E59L,MQFKVYTYKRESRYRLFVDVQSDIIDTPGRRMVIPLASARLLSDKVSRELYPVVHIGDLSWRMMTTDMASVPVSVIGEEVADLSHRENDIKNAINLMFWGI,-2.0,1,1.0,0.9764320850372314
I24R,MQFKVYTYKRESRYRLFVDVQSDRIDTPGRRMVIPLASARLLSDKVSRELYPVVHIGDESWRMMTTDMASVPVSVIGEEVADLSHRENDIKNAINLMFWGI,-3.0,1,0.857142857142857,0.8481048941612244
R48F,MQFKVYTYKRESRYRLFVDVQSDIIDTPGRRMVIPLASARLLSDKVSFELYPVVHIGDESWRMMTTDMASVPVSVIGEEVADLSHRENDIKNAINLMFWGI,-2.0,1,1.0,0.9761718511581421
D82N,MQFKVYTYKRESRYRLFVDVQSDIIDTPGRRMVIPLASARLLSDKVSRELYPVVHIGDESWRMMTTDMASVPVSVIGEEVANLSHRENDIKNAINLMFWGI,-2.0,1,1.0,0.9501304626464844
F17I,MQFKVYTYKRESRYRLIVDVQSDIIDTPGRRMVIPLASARLLSDKVSRELYPVVHIGDESWRMMTTDMASVPVSVIGEEVADLSHRENDIKNAINLMFWGI,-2.0,1,1.0,0.9821859002113342
I76G,MQFKVYTYKRESRYRLFVDVQSDIIDTPGRRMVIPLASARLLSDKVSRELYPVVHIGDESWRMMTTDMASVPVSVGGEEVADLSHRENDIKNAINLMFWGI,-2.0,1,1.0,0.8564590811729431
M68K,MQFKVYTYKRESRYRLFVDVQSDIIDTPGRRMVIPLASARLLSDKVSRELYPVVHIGDESWRMMTTDKASVPVSVIGEEVADLSHRENDIKNAINLMFWGI,-6.0,0,0.4285714285714285,0.7879589200019836
I90H,MQFKVYTYKRESRYRLFVDVQSDIIDTPGRRMVIPLASARLLSDKVSRELYPVVHIGDESWRMMTTDMASVPVSVIGEEVADLSHRENDHKNAINLMFWGI,-7.0,0,0.2857142857142856,0.34855496883392334
S12F,MQFKVYTYKREFRYRLFVDVQSDIIDTPGRRMVIPLASARLLSDKVSRELYPVVHIGDESWRMMTTDMASVPVSVIGEEVADLSHRENDIKNAINLMFWGI,-2.0,1,1.0,0.9397655129432678
L83T,MQFKVYTYKRESRYRLFVDVQSDIIDTPGRRMVIPLASARLLSDKVSRELYPVVHIGDESWRMMTTDMASVPVSVIGEEVADTSHRENDIKNAINLMFWGI,-2.0,1,1.0,0.8594080209732056
I34S,MQFKVYTYKRESRYRLFVDVQSDIIDTPGRRMVSPLASARLLSDKVSRELYPVVHIGDESWRMMTTDMASVPVSVIGEEVADLSHRENDIKNAINLMFWGI,-2.0,1,1.0,0.3862326145172119
D23E,MQFKVYTYKRESRYRLFVDVQSEIIDTPGRRMVIPLASARLLSDKVSRELYPVVHIGDESWRMMTTDMASVPVSVIGEEVADLSHRENDIKNAINLMFWGI,-2.0,1,1.0,0.9454580545425415
H55M,MQFKVYTYKRESRYRLFVDVQSDIIDTPGRRMVIPLASARLLSDKVSRELYPVVMIGDESWRMMTTDMASVPVSVIGEEVADLSHRENDIKNAINLMFWGI,-2.0,1,1.0,0.9521780014038086
S43D,MQFKVYTYKRESRYRLFVDVQSDIIDTPGRRMVIPLASARLLDDKVSRELYPVVHIGDESWRMMTTDMASVPVSVIGEEVADLSHRENDIKNAINLMFWGI,-2.0,1,1.0,0.9641914963722229
V46Y,MQFKVYTYKRESRYRLFVDVQSDIIDTPGRRMVIPLASARLLSDKYSRELYPVVHIGDESWRMMTTDMASVPVSVIGEEVADLSHRENDIKNAINLMFWGI,-2.0,1,1.0,0.957078218460083
D58I,MQFKVYTYKRESRYRLFVDVQSDIIDTPGRRMVIPLASARLLSDKVSRELYPVVHIGIESWRMMTTDMASVPVSVIGEEVADLSHRENDIKNAINLMFWGI,-2.0,1,1.0,0.979808509349823
E78T,MQFKVYTYKRESRYRLFVDVQSDIIDTPGRRMVIPLASARLLSDKVSRELYPVVHIGDESWRMMTTDMASVPVSVIGTEVADLSHRENDIKNAINLMFWGI,-2.0,1,1.0,0.9559952616691589
P72D,MQFKVYTYKRESRYRLFVDVQSDIIDTPGRRMVIPLASARLLSDKVSRELYPVVHIGDESWRMMTTDMASVDVSVIGEEVADLSHRENDIKNAINLMFWGI,-2.0,1,1.0,0.9456484317779541
V75D,MQFKVYTYKRESRYRLFVDVQSDIIDTPGRRMVIPLASARLLSDKVSRELYPVVHIGDESWRMMTTDMASVPVSDIGEEVADLSHRENDIKNAINLMFWGI,-2.0,1,1.0,0.915147602558136
P52N,MQFKVYTYKRESRYRLFVDVQSDIIDTPGRRMVIPLASARLLSDKVSRELYNVVHIGDESWRMMTTDMASVPVSVIGEEVADLSHRENDIKNAINLMFWGI,-6.0,0,0.4285714285714285,0.5502819418907166
E59K,MQFKVYTYKRESRYRLFVDVQSDIIDTPGRRMVIPLASARLLSDKVSRELYPVVHIGDKSWRMMTTDMASVPVSVIGEEVADLSHRENDIKNAINLMFWGI,-2.0,1,1.0,0.9669371247291565
P72V,MQFKVYTYKRESRYRLFVDVQSDIIDTPGRRMVIPLASARLLSDKVSRELYPVVHIGDESWRMMTTDMASVVVSVIGEEVADLSHRENDIKNAINLMFWGI,-2.0,1,1.0,0.971295952796936
W99R,MQFKVYTYKRESRYRLFVDVQSDIIDTPGRRMVIPLASARLLSDKVSRELYPVVHIGDESWRMMTTDMASVPVSVIGEEVADLSHRENDIKNAINLMFRGI,-8.0,0,0.1428571428571428,0.5906099677085876
M64E,MQFKVYTYKRESRYRLFVDVQSDIIDTPGRRMVIPLASARLLSDKVSRELYPVVHIGDESWRMETTDMASVPVSVIGEEVADLSHRENDIKNAINLMFWGI,-2.0,1,1.0,0.8726972937583923
D58Q,MQFKVYTYKRESRYRLFVDVQSDIIDTPGRRMVIPLASARLLSDKVSRELYPVVHIGQESWRMMTTDMASVPVSVIGEEVADLSHRENDIKNAINLMFWGI,-2.0,1,1.0,0.9829317331314087
V46G,MQFKVYTYKRESRYRLFVDVQSDIIDTPGRRMVIPLASARLLSDKGSRELYPVVHIGDESWRMMTTDMASVPVSVIGEEVADLSHRENDIKNAINLMFWGI,-2.0,1,1.0,0.93622887134552
Q21A,MQFKVYTYKRESRYRLFVDVASDIIDTPGRRMVIPLASARLLSDKVSRELYPVVHIGDESWRMMTTDMASVPVSVIGEEVADLSHRENDIKNAINLMFWGI,-2.0,1,1.0,0.9063712358474731
R13Y,MQFKVYTYKRESYYRLFVDVQSDIIDTPGRRMVIPLASARLLSDKVSRELYPVVHIGDESWRMMTTDMASVPVSVIGEEVADLSHRENDIKNAINLMFWGI,-2.0,1,1.0,0.9775176644325256
Y6A,MQFKVATYKRESRYRLFVDVQSDIIDTPGRRMVIPLASARLLSDKVSRELYPVVHIGDESWRMMTTDMASVPVSVIGEEVADLSHRENDIKNAINLMFWGI,-5.0,0,0.5714285714285714,0.6318436861038208
S38Q,MQFKVYTYKRESRYRLFVDVQSDIIDTPGRRMVIPLAQARLLSDKVSRELYPVVHIGDESWRMMTTDMASVPVSVIGEEVADLSHRENDIKNAINLMFWGI,-2.0,1,1.0,0.9646502137184143
H55P,MQFKVYTYKRESRYRLFVDVQSDIIDTPGRRMVIPLASARLLSDKVSRELYPVVPIGDESWRMMTTDMASVPVSVIGEEVADLSHRENDIKNAINLMFWGI,-2.0,1,1.0,0.9385311007499695
A37I,MQFKVYTYKRESRYRLFVDVQSDIIDTPGRRMVIPLISARLLSDKVSRELYPVVHIGDESWRMMTTDMASVPVSVIGEEVADLSHRENDIKNAINLMFWGI,-2.0,1,1.0,0.9777511358261108
I25D,MQFKVYTYKRESRYRLFVDVQSDIDDTPGRRMVIPLASARLLSDKVSRELYPVVHIGDESWRMMTTDMASVPVSVIGEEVADLSHRENDIKNAINLMFWGI,-7.0,0,0.2857142857142856,0.6654523015022278
T7K,MQFKVYKYKRESRYRLFVDVQSDIIDTPGRRMVIPLASARLLSDKVSRELYPVVHIGDESWRMMTTDMASVPVSVIGEEVADLSHRENDIKNAINLMFWGI,-2.0,1,1.0,0.9451412558555603
D67Q,MQFKVYTYKRESRYRLFVDVQSDIIDTPGRRMVIPLASARLLSDKVSRELYPVVHIGDESWRMMTTQMASVPVSVIGEEVADLSHRENDIKNAINLMFWGI,-2.0,1,1.0,0.9768377542495728
D26N,MQFKVYTYKRESRYRLFVDVQSDIINTPGRRMVIPLASARLLSDKVSRELYPVVHIGDESWRMMTTDMASVPVSVIGEEVADLSHRENDIKNAINLMFWGI,-2.0,1,1.0,0.962096631526947
V46K,MQFKVYTYKRESRYRLFVDVQSDIIDTPGRRMVIPLASARLLSDKKSRELYPVVHIGDESWRMMTTDMASVPVSVIGEEVADLSHRENDIKNAINLMFWGI,-2.0,1,1.0,0.9283389449119568
S70T,MQFKVYTYKRESRYRLFVDVQSDIIDTPGRRMVIPLASARLLSDKVSRELYPVVHIGDESWRMMTTDMATVPVSVIGEEVADLSHRENDIKNAINLMFWGI,-2.0,1,1.0,0.9602327942848206
D19G,MQFKVYTYKRESRYRLFVGVQSDIIDTPGRRMVIPLASARLLSDKVSRELYPVVHIGDESWRMMTTDMASVPVSVIGEEVADLSHRENDIKNAINLMFWGI,-2.0,1,1.0,0.8697733283042908
V5Y,MQFKYYTYKRESRYRLFVDVQSDIIDTPGRRMVIPLASARLLSDKVSRELYPVVHIGDESWRMMTTDMASVPVSVIGEEVADLSHRENDIKNAINLMFWGI,-6.0,0,0.4285714285714285,0.6403868794441223
S84A,MQFKVYTYKRESRYRLFVDVQSDIIDTPGRRMVIPLASARLLSDKVSRELYPVVHIGDESWRMMTTDMASVPVSVIGEEVADLAHRENDIKNAINLMFWGI,-2.0,1,1.0,0.9821990132331848
F17V,MQFKVYTYKRESRYRLVVDVQSDIIDTPGRRMVIPLASARLLSDKVSRELYPVVHIGDESWRMMTTDMASVPVSVIGEEVADLSHRENDIKNAINLMFWGI,-2.0,1,1.0,0.9879096746444702
V54H,MQFKVYTYKRESRYRLFVDVQSDIIDTPGRRMVIPLASARLLSDKVSRELYPVHHIGDESWRMMTTDMASVPVSVIGEEVADLSHRENDIKNAINLMFWGI,-2.0,1,1.0,0.8676846027374268
W99P,MQFKVYTYKRESRYRLFVDVQSDIIDTPGRRMVIPLASARLLSDKVSRELYPVVHIGDESWRMMTTDMASVPVSVIGEEVADLSHRENDIKNAINLMFPGI,-9.0,0,0.0,0.3434075713157654
I90F,MQFKVYTYKRESRYRLFVDVQSDIIDTPGRRMVIPLASARLLSDKVSRELYPVVHIGDESWRMMTTDMASVPVSVIGEEVADLSHRENDFKNAINLMFWGI,-2.0,1,1.0,0.8406049013137817
M64L,MQFKVYTYKRESRYRLFVDVQSDIIDTPGRRMVIPLASARLLSDKVSRELYPVVHIGDESWRMLTTDMASVPVSVIGEEVADLSHRENDIKNAINLMFWGI,-2.0,1,1.0,0.9665033221244812
I24Q,MQFKVYTYKRESRYRLFVDVQSDQIDTPGRRMVIPLASARLLSDKVSRELYPVVHIGDESWRMMTTDMASVPVSVIGEEVADLSHRENDIKNAINLMFWGI,-2.0,1,1.0,0.8997390270233154
Q21R,MQFKVYTYKRESRYRLFVDVRSDIIDTPGRRMVIPLASARLLSDKVSRELYPVVHIGDESWRMMTTDMASVPVSVIGEEVADLSHRENDIKNAINLMFWGI,-5.0,0,0.5714285714285714,0.9437981247901917
V18R,MQFKVYTYKRESRYRLFRDVQSDIIDTPGRRMVIPLASARLLSDKVSRELYPVVHIGDESWRMMTTDMASVPVSVIGEEVADLSHRENDIKNAINLMFWGI,-9.0,0,0.0,0.24562187492847443
K45V,MQFKVYTYKRESRYRLFVDVQSDIIDTPGRRMVIPLASARLLSDVVSRELYPVVHIGDESWRMMTTDMASVPVSVIGEEVADLSHRENDIKNAINLMFWGI,-2.0,1,1.0,0.958688497543335
A93K,MQFKVYTYKRESRYRLFVDVQSDIIDTPGRRMVIPLASARLLSDKVSRELYPVVHIGDESWRMMTTDMASVPVSVIGEEVADLSHRENDIKNKINLMFWGI,-6.0,0,0.4285714285714285,0.535449743270874
M97H,MQFKVYTYKRESRYRLFVDVQSDIIDTPGRRMVIPLASARLLSDKVSRELYPVVHIGDESWRMMTTDMASVPVSVIGEEVADLSHRENDIKNAINLHFWGI,-2.0,1,1.0,0.5114032030105591
T65K,MQFKVYTYKRESRYRLFVDVQSDIIDTPGRRMVIPLASARLLSDKVSRELYPVVHIGDESWRMMKTDMASVPVSVIGEEVADLSHRENDIKNAINLMFWGI,-6.0,0,0.4285714285714285,0.9175096154212952
F98V,MQFKVYTYKRESRYRLFVDVQSDIIDTPGRRMVIPLASARLLSDKVSRELYPVVHIGDESWRMMTTDMASVPVSVIGEEVADLSHRENDIKNAINLMVWGI,-2.0,1,1.0,0.8977175951004028
K9D,MQFKVYTYDRESRYRLFVDVQSDIIDTPGRRMVIPLASARLLSDKVSRELYPVVHIGDESWRMMTTDMASVPVSVIGEEVADLSHRENDIKNAINLMFWGI,-2.0,1,1.0,0.8986676931381226
S47V,MQFKVYTYKRESRYRLFVDVQSDIIDTPGRRMVIPLASARLLSDKVVRELYPVVHIGDESWRMMTTDMASVPVSVIGEEVADLSHRENDIKNAINLMFWGI,-2.0,1,1.0,0.979015588760376
F3G,MQGKVYTYKRESRYRLFVDVQSDIIDTPGRRMVIPLASARLLSDKVSRELYPVVHIGDESWRMMTTDMASVPVSVIGEEVADLSHRENDIKNAINLMFWGI,-4.0,0,0.7142857142857142,0.9448816180229187
V75P,MQFKVYTYKRESRYRLFVDVQSDIIDTPGRRMVIPLASARLLSDKVSRELYPVVHIGDESWRMMTTDMASVPVSPIGEEVADLSHRENDIKNAINLMFWGI,-2.0,1,1.0,0.8729300498962402
V53P,MQFKVYTYKRESRYRLFVDVQSDIIDTPGRRMVIPLASARLLSDKVSRELYPPVHIGDESWRMMTTDMASVPVSVIGEEVADLSHRENDIKNAINLMFWGI,-7.0,0,0.2857142857142856,0.8958488702774048
K91D,MQFKVYTYKRESRYRLFVDVQSDIIDTPGRRMVIPLASARLLSDKVSRELYPVVHIGDESWRMMTTDMASVPVSVIGEEVADLSHRENDIDNAINLMFWGI,-7.0,0,0.2857142857142856,0.8433169722557068
R31W,MQFKVYTYKRESRYRLFVDVQSDIIDTPGRWMVIPLASARLLSDKVSRELYPVVHIGDESWRMMTTDMASVPVSVIGEEVADLSHRENDIKNAINLMFWGI,-2.0,1,1.0,0.6624093055725098
R40S,MQFKVYTYKRESRYRLFVDVQSDIIDTPGRRMVIPLASASLLSDKVSRELYPVVHIGDESWRMMTTDMASVPVSVIGEEVADLSHRENDIKNAINLMFWGI,-2.0,1,1.0,0.9736897349357605
E11V,MQFKVYTYKRVSRYRLFVDVQSDIIDTPGRRMVIPLASARLLSDKVSRELYPVVHIGDESWRMMTTDMASVPVSVIGEEVADLSHRENDIKNAINLMFWGI,-2.0,1,1.0,0.8579270243644714
L16G,MQFKVYTYKRESRYRGFVDVQSDIIDTPGRRMVIPLASARLLSDKVSRELYPVVHIGDESWRMMTTDMASVPVSVIGEEVADLSHRENDIKNAINLMFWGI,-2.0,1,1.0,0.8658261895179749
L42G,MQFKVYTYKRESRYRLFVDVQSDIIDTPGRRMVIPLASARLGSDKVSRELYPVVHIGDESWRMMTTDMASVPVSVIGEEVADLSHRENDIKNAINLMFWGI,-2.0,1,1.0,0.9663578867912292
V33S,MQFKVYTYKRESRYRLFVDVQSDIIDTPGRRMSIPLASARLLSDKVSRELYPVVHIGDESWRMMTTDMASVPVSVIGEEVADLSHRENDIKNAINLMFWGI,-2.0,1,1.0,0.6570292711257935
V33R,MQFKVYTYKRESRYRLFVDVQSDIIDTPGRRMRIPLASARLLSDKVSRELYPVVHIGDESWRMMTTDMASVPVSVIGEEVADLSHRENDIKNAINLMFWGI,-5.0,0,0.5714285714285714,0.6356487274169922
S38I,MQFKVYTYKRESRYRLFVDVQSDIIDTPGRRMVIPLAIARLLSDKVSRELYPVVHIGDESWRMMTTDMASVPVSVIGEEVADLSHRENDIKNAINLMFWGI,-2.0,1,1.0,0.9265404343605042
L41A,MQFKVYTYKRESRYRLFVDVQSDIIDTPGRRMVIPLASARALSDKVSRELYPVVHIGDESWRMMTTDMASVPVSVIGEEVADLSHRENDIKNAINLMFWGI,-2.0,1,1.0,0.9493424296379089
V80L,MQFKVYTYKRESRYRLFVDVQSDIIDTPGRRMVIPLASARLLSDKVSRELYPVVHIGDESWRMMTTDMASVPVSVIGEELADLSHRENDIKNAINLMFWGI,-2.0,1,1.0,0.9806200265884399
D82S,MQFKVYTYKRESRYRLFVDVQSDIIDTPGRRMVIPLASARLLSDKVSRELYPVVHIGDESWRMMTTDMASVPVSVIGEEVASLSHRENDIKNAINLMFWGI,-2.0,1,1.0,0.9589008092880249
D26L,MQFKVYTYKRESRYRLFVDVQSDIILTPGRRMVIPLASARLLSDKVSRELYPVVHIGDESWRMMTTDMASVPVSVIGEEVADLSHRENDIKNAINLMFWGI,-2.0,1,1.0,0.7463874816894531
H55L,MQFKVYTYKRESRYRLFVDVQSDIIDTPGRRMVIPLASARLLSDKVSRELYPVVLIGDESWRMMTTDMASVPVSVIGEEVADLSHRENDIKNAINLMFWGI,-2.0,1,1.0,0.942692220211029
V73W,MQFKVYTYKRESRYRLFVDVQSDIIDTPGRRMVIPLASARLLSDKVSRELYPVVHIGDESWRMMTTDMASVPWSVIGEEVADLSHRENDIKNAINLMFWGI,-2.0,1,1.0,0.9747931957244873
A39M,MQFKVYTYKRESRYRLFVDVQSDIIDTPGRRMVIPLASMRLLSDKVSRELYPVVHIGDESWRMMTTDMASVPVSVIGEEVADLSHRENDIKNAINLMFWGI,-2.0,1,1.0,0.9756863713264465
S47M,MQFKVYTYKRESRYRLFVDVQSDIIDTPGRRMVIPLASARLLSDKVMRELYPVVHIGDESWRMMTTDMASVPVSVIGEEVADLSHRENDIKNAINLMFWGI,-2.0,1,1.0,0.9822271466255188
G100P,MQFKVYTYKRESRYRLFVDVQSDIIDTPGRRMVIPLASARLLSDKVSRELYPVVHIGDESWRMMTTDMASVPVSVIGEEVADLSHRENDIKNAINLMFWPI,-7.0,0,0.2857142857142856,0.2828320264816284
S74A,MQFKVYTYKRESRYRLFVDVQSDIIDTPGRRMVIPLASARLLSDKVSRELYPVVHIGDESWRMMTTDMASVPVAVIGEEVADLSHRENDIKNAINLMFWGI,-2.0,1,1.0,0.9694724082946777
T7H,MQFKVYHYKRESRYRLFVDVQSDIIDTPGRRMVIPLASARLLSDKVSRELYPVVHIGDESWRMMTTDMASVPVSVIGEEVADLSHRENDIKNAINLMFWGI,-2.0,1,1.0,0.9783276915550232
Y51M,MQFKVYTYKRESRYRLFVDVQSDIIDTPGRRMVIPLASARLLSDKVSRELMPVVHIGDESWRMMTTDMASVPVSVIGEEVADLSHRENDIKNAINLMFWGI,-2.0,1,1.0,0.9732663631439209
T27H,MQFKVYTYKRESRYRLFVDVQSDIIDHPGRRMVIPLASARLLSDKVSRELYPVVHIGDESWRMMTTDMASVPVSVIGEEVADLSHRENDIKNAINLMFWGI,-2.0,1,1.0,0.9617278575897217
I90T,MQFKVYTYKRESRYRLFVDVQSDIIDTPGRRMVIPLASARLLSDKVSRELYPVVHIGDESWRMMTTDMASVPVSVIGEEVADLSHRENDTKNAINLMFWGI,-4.0,0,0.7142857142857142,0.6040531992912292
K45W,MQFKVYTYKRESRYRLFVDVQSDIIDTPGRRMVIPLASARLLSDWVSRELYPVVHIGDESWRMMTTDMASVPVSVIGEEVADLSHRENDIKNAINLMFWGI,-2.0,1,1.0,0.9534738659858704
E59Q,MQFKVYTYKRESRYRLFVDVQSDIIDTPGRRMVIPLASARLLSDKVSRELYPVVHIGDQSWRMMTTDMASVPVSVIGEEVADLSHRENDIKNAINLMFWGI,-2.0,1,1.0,0.9758471846580505
K9P,MQFKVYTYPRESRYRLFVDVQSDIIDTPGRRMVIPLASARLLSDKVSRELYPVVHIGDESWRMMTTDMASVPVSVIGEEVADLSHRENDIKNAINLMFWGI,-2.0,1,1.0,0.9598562717437744
V46C,MQFKVYTYKRESRYRLFVDVQSDIIDTPGRRMVIPLASARLLSDKCSRELYPVVHIGDESWRMMTTDMASVPVSVIGEEVADLSHRENDIKNAINLMFWGI,-2.0,1,1.0,0.9856400489807129
Y6Q,MQFKVQTYKRESRYRLFVDVQSDIIDTPGRRMVIPLASARLLSDKVSRELYPVVHIGDESWRMMTTDMASVPVSVIGEEVADLSHRENDIKNAINLMFWGI,-6.0,0,0.4285714285714285,0.756004273891449
Y51T,MQFKVYTYKRESRYRLFVDVQSDIIDTPGRRMVIPLASARLLSDKVSRELTPVVHIGDESWRMMTTDMASVPVSVIGEEVADLSHRENDIKNAINLMFWGI,-2.0,1,1.0,0.9495039582252502
M32Y,MQFKVYTYKRESRYRLFVDVQSDIIDTPGRRYVIPLASARLLSDKVSRELYPVVHIGDESWRMMTTDMASVPVSVIGEEVADLSHRENDIKNAINLMFWGI,-2.0,1,1.0,0.5875937938690186
Y51N,MQFKVYTYKRESRYRLFVDVQSDIIDTPGRRMVIPLASARLLSDKVSRELNPVVHIGDESWRMMTTDMASVPVSVIGEEVADLSHRENDIKNAINLMFWGI,-2.0,1,1.0,0.8918132185935974
W99V,MQFKVYTYKRESRYRLFVDVQSDIIDTPGRRMVIPLASARLLSDKVSRELYPVVHIGDESWRMMTTDMASVPVSVIGEEVADLSHRENDIKNAINLMFVGI,-8.0,0,0.1428571428571428,0.7339635491371155
S12C,MQFKVYTYKRECRYRLFVDVQSDIIDTPGRRMVIPLASARLLSDKVSRELYPVVHIGDESWRMMTTDMASVPVSVIGEEVADLSHRENDIKNAINLMFWGI,-2.0,1,1.0,0.9974691867828369
T7R,MQFKVYRYKRESRYRLFVDVQSDIIDTPGRRMVIPLASARLLSDKVSRELYPVVHIGDESWRMMTTDMASVPVSVIGEEVADLSHRENDIKNAINLMFWGI,-2.0,1,1.0,0.973960280418396
V33I,MQFKVYTYKRESRYRLFVDVQSDIIDTPGRRMIIPLASARLLSDKVSRELYPVVHIGDESWRMMTTDMASVPVSVIGEEVADLSHRENDIKNAINLMFWGI,-2.0,1,1.0,0.9537726640701294
A93S,MQFKVYTYKRESRYRLFVDVQSDIIDTPGRRMVIPLASARLLSDKVSRELYPVVHIGDESWRMMTTDMASVPVSVIGEEVADLSHRENDIKNSINLMFWGI,-2.0,1,1.0,0.705025851726532
L42I,MQFKVYTYKRESRYRLFVDVQSDIIDTPGRRMVIPLASARLISDKVSRELYPVVHIGDESWRMMTTDMASVPVSVIGEEVADLSHRENDIKNAINLMFWGI,-2.0,1,1.0,0.9115316867828369
V20R,MQFKVYTYKRESRYRLFVDRQSDIIDTPGRRMVIPLASARLLSDKVSRELYPVVHIGDESWRMMTTDMASVPVSVIGEEVADLSHRENDIKNAINLMFWGI,-9.0,0,0.0,0.27840226888656616
N88A,MQFKVYTYKRESRYRLFVDVQSDIIDTPGRRMVIPLASARLLSDKVSRELYPVVHIGDESWRMMTTDMASVPVSVIGEEVADLSHREADIKNAINLMFWGI,-2.0,1,1.0,0.9808601140975952
L36N,MQFKVYTYKRESRYRLFVDVQSDIIDTPGRRMVIPNASARLLSDKVSRELYPVVHIGDESWRMMTTDMASVPVSVIGEEVADLSHRENDIKNAINLMFWGI,-8.0,0,0.1428571428571428,0.29924336075782776
N92G,MQFKVYTYKRESRYRLFVDVQSDIIDTPGRRMVIPLASARLLSDKVSRELYPVVHIGDESWRMMTTDMASVPVSVIGEEVADLSHRENDIKGAINLMFWGI,-2.0,1,1.0,0.9730648398399353
T66P,MQFKVYTYKRESRYRLFVDVQSDIIDTPGRRMVIPLASARLLSDKVSRELYPVVHIGDESWRMMTPDMASVPVSVIGEEVADLSHRENDIKNAINLMFWGI,-2.0,1,1.0,0.887158215045929
L36Q,MQFKVYTYKRESRYRLFVDVQSDIIDTPGRRMVIPQASARLLSDKVSRELYPVVHIGDESWRMMTTDMASVPVSVIGEEVADLSHRENDIKNAINLMFWGI,-6.0,0,0.4285714285714285,0.5029481649398804
V18L,MQFKVYTYKRESRYRLFLDVQSDIIDTPGRRMVIPLASARLLSDKVSRELYPVVHIGDESWRMMTTDMASVPVSVIGEEVADLSHRENDIKNAINLMFWGI,-2.0,1,1.0,0.9767948985099792
R62T,MQFKVYTYKRESRYRLFVDVQSDIIDTPGRRMVIPLASARLLSDKVSRELYPVVHIGDESWTMMTTDMASVPVSVIGEEVADLSHRENDIKNAINLMFWGI,-2.0,1,1.0,0.971877932548523
R86A,MQFKVYTYKRESRYRLFVDVQSDIIDTPGRRMVIPLASARLLSDKVSRELYPVVHIGDESWRMMTTDMASVPVSVIGEEVADLSHAENDIKNAINLMFWGI,-2.0,1,1.0,0.9599345922470093
K45H,MQFKVYTYKRESRYRLFVDVQSDIIDTPGRRMVIPLASARLLSDHVSRELYPVVHIGDESWRMMTTDMASVPVSVIGEEVADLSHRENDIKNAINLMFWGI,-2.0,1,1.0,0.9697831869125366
L50I,MQFKVYTYKRESRYRLFVDVQSDIIDTPGRRMVIPLASARLLSDKVSREIYPVVHIGDESWRMMTTDMASVPVSVIGEEVADLSHRENDIKNAINLMFWGI,-2.0,1,1.0,0.9492968916893005
I76S,MQFKVYTYKRESRYRLFVDVQSDIIDTPGRRMVIPLASARLLSDKVSRELYPVVHIGDESWRMMTTDMASVPVSVSGEEVADLSHRENDIKNAINLMFWGI,-2.0,1,1.0,0.9014813899993896
I101T,MQFKVYTYKRESRYRLFVDVQSDIIDTPGRRMVIPLASARLLSDKVSRELYPVVHIGDESWRMMTTDMASVPVSVIGEEVADLSHRENDIKNAINLMFWGT,-2.0,1,1.0,0.9513683915138245
I34K,MQFKVYTYKRESRYRLFVDVQSDIIDTPGRRMVKPLASARLLSDKVSRELYPVVHIGDESWRMMTTDMASVPVSVIGEEVADLSHRENDIKNAINLMFWGI,-6.0,0,0.4285714285714285,0.4118690490722656
L41H,MQFKVYTYKRESRYRLFVDVQSDIIDTPGRRMVIPLASARHLSDKVSRELYPVVHIGDESWRMMTTDMASVPVSVIGEEVADLSHRENDIKNAINLMFWGI,-2.0,1,1.0,0.965236485004425
